<?xml version="1.0" encoding="UTF-8"?>
<!DOCTYPE plist PUBLIC "-//Apple Computer//DTD PLIST 1.0//EN" "http://www.apple.com/DTDs/PropertyList-1.0.dtd">
<plist version="1.0">
    <dict>
        <key>frames</key>
        <dict>
            <key>Villian1-1.png</key>
            <dict>
                <key>frame</key>
                <string>{{2,2},{100,100}}</string>
                <key>offset</key>
                <string>{0,0}</string>
                <key>rotated</key>
                <false/>
                <key>sourceColorRect</key>
                <string>{{0,0},{100,100}}</string>
                <key>sourceSize</key>
                <string>{100,100}</string>
            </dict>
            <key>Villian1-2.png</key>
            <dict>
                <key>frame</key>
                <string>{{104,2},{100,100}}</string>
                <key>offset</key>
                <string>{0,0}</string>
                <key>rotated</key>
                <false/>
                <key>sourceColorRect</key>
                <string>{{0,0},{100,100}}</string>
                <key>sourceSize</key>
                <string>{100,100}</string>
            </dict>
            <key>Villian1.png</key>
            <dict>
                <key>frame</key>
                <string>{{206,2},{100,100}}</string>
                <key>offset</key>
                <string>{0,0}</string>
                <key>rotated</key>
                <false/>
                <key>sourceColorRect</key>
                <string>{{0,0},{100,100}}</string>
                <key>sourceSize</key>
                <string>{100,100}</string>
            </dict>
            <key>bush block 2.png</key>
            <dict>
                <key>frame</key>
                <string>{{308,2},{64,64}}</string>
                <key>offset</key>
                <string>{0,0}</string>
                <key>rotated</key>
                <false/>
                <key>sourceColorRect</key>
                <string>{{0,0},{64,64}}</string>
                <key>sourceSize</key>
                <string>{64,64}</string>
            </dict>
            <key>bush block.png</key>
            <dict>
                <key>frame</key>
                <string>{{374,2},{64,64}}</string>
                <key>offset</key>
                <string>{0,0}</string>
                <key>rotated</key>
                <false/>
                <key>sourceColorRect</key>
                <string>{{0,0},{64,64}}</string>
                <key>sourceSize</key>
                <string>{64,64}</string>
            </dict>
            <key>skunk.png</key>
            <dict>
                <key>frame</key>
                <string>{{2,104},{400,340}}</string>
                <key>offset</key>
                <string>{0,0}</string>
                <key>rotated</key>
                <false/>
                <key>sourceColorRect</key>
                <string>{{0,0},{400,340}}</string>
                <key>sourceSize</key>
                <string>{400,340}</string>
            </dict>
            <key>turtle.png</key>
            <dict>
                <key>frame</key>
                <string>{{2,446},{400,203}}</string>
                <key>offset</key>
                <string>{0,0}</string>
                <key>rotated</key>
                <false/>
                <key>sourceColorRect</key>
                <string>{{0,0},{400,203}}</string>
                <key>sourceSize</key>
                <string>{400,203}</string>
            </dict>
            <key>vill1.png</key>
            <dict>
                <key>frame</key>
                <string>{{404,446},{100,100}}</string>
                <key>offset</key>
                <string>{0,0}</string>
                <key>rotated</key>
                <false/>
                <key>sourceColorRect</key>
                <string>{{0,0},{100,100}}</string>
                <key>sourceSize</key>
                <string>{100,100}</string>
            </dict>
            <key>vill2.png</key>
            <dict>
                <key>frame</key>
                <string>{{2,651},{100,100}}</string>
                <key>offset</key>
                <string>{0,0}</string>
                <key>rotated</key>
                <false/>
                <key>sourceColorRect</key>
                <string>{{0,0},{100,100}}</string>
                <key>sourceSize</key>
                <string>{100,100}</string>
            </dict>
        </dict>
        <key>metadata</key>
        <dict>
            <key>format</key>
            <integer>2</integer>
            <key>realTextureFileName</key>
            <string>enemies.png</string>
            <key>size</key>
            <string>{512,1024}</string>
            <key>smartupdate</key>
            <string>$TexturePacker:SmartUpdate:9327c83d3a12988c96480a58d4718632:1/1$</string>
            <key>textureFileName</key>
            <string>enemies.png</string>
        </dict>
    </dict>
</plist>
