<?xml version="1.0" encoding="UTF-8"?>
<!DOCTYPE plist PUBLIC "-//Apple Computer//DTD PLIST 1.0//EN" "http://www.apple.com/DTDs/PropertyList-1.0.dtd">
<plist version="1.0">
    <dict>
        <key>frames</key>
        <dict>
            <key>green brick, megablock, stair.png</key>
            <dict>
                <key>frame</key>
                <string>{{1286,1368},{640,128}}</string>
                <key>offset</key>
                <string>{0,0}</string>
                <key>rotated</key>
                <false/>
                <key>sourceColorRect</key>
                <string>{{0,0},{640,128}}</string>
                <key>sourceSize</key>
                <string>{640,128}</string>
            </dict>
            <key>green brick, megablock, stairs.png</key>
            <dict>
                <key>frame</key>
                <string>{{644,848},{640,128}}</string>
                <key>offset</key>
                <string>{0,0}</string>
                <key>rotated</key>
                <false/>
                <key>sourceColorRect</key>
                <string>{{0,0},{640,128}}</string>
                <key>sourceSize</key>
                <string>{640,128}</string>
            </dict>
            <key>green brick, megablock.png</key>
            <dict>
                <key>frame</key>
                <string>{{1284,978},{640,128}}</string>
                <key>offset</key>
                <string>{0,0}</string>
                <key>rotated</key>
                <false/>
                <key>sourceColorRect</key>
                <string>{{0,0},{640,128}}</string>
                <key>sourceSize</key>
                <string>{640,128}</string>
            </dict>
            <key>green brick, megablock2.png</key>
            <dict>
                <key>frame</key>
                <string>{{969,1756},{320,256}}</string>
                <key>offset</key>
                <string>{0,0}</string>
                <key>rotated</key>
                <false/>
                <key>sourceColorRect</key>
                <string>{{0,0},{320,256}}</string>
                <key>sourceSize</key>
                <string>{320,256}</string>
            </dict>
            <key>green brick, metablock.png</key>
            <dict>
                <key>frame</key>
                <string>{{2,978},{1280,128}}</string>
                <key>offset</key>
                <string>{0,0}</string>
                <key>rotated</key>
                <false/>
                <key>sourceColorRect</key>
                <string>{{0,0},{1280,128}}</string>
                <key>sourceSize</key>
                <string>{1280,128}</string>
            </dict>
            <key>green brick, stair.png</key>
            <dict>
                <key>frame</key>
                <string>{{2,2},{64,63}}</string>
                <key>offset</key>
                <string>{0,0}</string>
                <key>rotated</key>
                <false/>
                <key>sourceColorRect</key>
                <string>{{0,0},{64,63}}</string>
                <key>sourceSize</key>
                <string>{64,63}</string>
            </dict>
            <key>green brick, stair2.png</key>
            <dict>
                <key>frame</key>
                <string>{{1058,2},{64,64}}</string>
                <key>offset</key>
                <string>{0,0}</string>
                <key>rotated</key>
                <false/>
                <key>sourceColorRect</key>
                <string>{{0,0},{64,64}}</string>
                <key>sourceSize</key>
                <string>{64,64}</string>
            </dict>
            <key>green brick.png</key>
            <dict>
                <key>frame</key>
                <string>{{926,2},{64,64}}</string>
                <key>offset</key>
                <string>{0,0}</string>
                <key>rotated</key>
                <false/>
                <key>sourceColorRect</key>
                <string>{{0,0},{64,64}}</string>
                <key>sourceSize</key>
                <string>{64,64}</string>
            </dict>
            <key>plant block 2, megablock, stair.png</key>
            <dict>
                <key>frame</key>
                <string>{{2,848},{640,128}}</string>
                <key>offset</key>
                <string>{0,0}</string>
                <key>rotated</key>
                <false/>
                <key>sourceColorRect</key>
                <string>{{0,0},{640,128}}</string>
                <key>sourceSize</key>
                <string>{640,128}</string>
            </dict>
            <key>plant block 2, megablock, stair2.png</key>
            <dict>
                <key>frame</key>
                <string>{{1286,718},{640,128}}</string>
                <key>offset</key>
                <string>{0,0}</string>
                <key>rotated</key>
                <false/>
                <key>sourceColorRect</key>
                <string>{{0,0},{640,128}}</string>
                <key>sourceSize</key>
                <string>{640,128}</string>
            </dict>
            <key>plant block 2, megablock, stairs.png</key>
            <dict>
                <key>frame</key>
                <string>{{1286,588},{640,128}}</string>
                <key>offset</key>
                <string>{0,0}</string>
                <key>rotated</key>
                <false/>
                <key>sourceColorRect</key>
                <string>{{0,0},{640,128}}</string>
                <key>sourceSize</key>
                <string>{640,128}</string>
            </dict>
            <key>plant block 2, megablock.png</key>
            <dict>
                <key>frame</key>
                <string>{{644,718},{640,128}}</string>
                <key>offset</key>
                <string>{0,0}</string>
                <key>rotated</key>
                <false/>
                <key>sourceColorRect</key>
                <string>{{0,0},{640,128}}</string>
                <key>sourceSize</key>
                <string>{640,128}</string>
            </dict>
            <key>plant block 2, megablock2.png</key>
            <dict>
                <key>frame</key>
                <string>{{324,1756},{321,256}}</string>
                <key>offset</key>
                <string>{0,0}</string>
                <key>rotated</key>
                <false/>
                <key>sourceColorRect</key>
                <string>{{0,0},{321,256}}</string>
                <key>sourceSize</key>
                <string>{321,256}</string>
            </dict>
            <key>plant block 2, metablock.png</key>
            <dict>
                <key>frame</key>
                <string>{{2,1108},{1280,128}}</string>
                <key>offset</key>
                <string>{0,0}</string>
                <key>rotated</key>
                <false/>
                <key>sourceColorRect</key>
                <string>{{0,0},{1280,128}}</string>
                <key>sourceSize</key>
                <string>{1280,128}</string>
            </dict>
            <key>plant block 2, stair.png</key>
            <dict>
                <key>frame</key>
                <string>{{134,2},{64,64}}</string>
                <key>offset</key>
                <string>{0,0}</string>
                <key>rotated</key>
                <false/>
                <key>sourceColorRect</key>
                <string>{{0,0},{64,64}}</string>
                <key>sourceSize</key>
                <string>{64,64}</string>
            </dict>
            <key>plant block 2, stair2.png</key>
            <dict>
                <key>frame</key>
                <string>{{266,2},{64,64}}</string>
                <key>offset</key>
                <string>{0,0}</string>
                <key>rotated</key>
                <false/>
                <key>sourceColorRect</key>
                <string>{{0,0},{64,64}}</string>
                <key>sourceSize</key>
                <string>{64,64}</string>
            </dict>
            <key>plant block 2.png</key>
            <dict>
                <key>frame</key>
                <string>{{860,2},{64,64}}</string>
                <key>offset</key>
                <string>{0,0}</string>
                <key>rotated</key>
                <false/>
                <key>sourceColorRect</key>
                <string>{{0,0},{64,64}}</string>
                <key>sourceSize</key>
                <string>{64,64}</string>
            </dict>
            <key>plant block, megablock, stair.png</key>
            <dict>
                <key>frame</key>
                <string>{{2,718},{640,128}}</string>
                <key>offset</key>
                <string>{0,0}</string>
                <key>rotated</key>
                <false/>
                <key>sourceColorRect</key>
                <string>{{0,0},{640,128}}</string>
                <key>sourceSize</key>
                <string>{640,128}</string>
            </dict>
            <key>plant block, megablock, stair2.png</key>
            <dict>
                <key>frame</key>
                <string>{{644,588},{640,128}}</string>
                <key>offset</key>
                <string>{0,0}</string>
                <key>rotated</key>
                <false/>
                <key>sourceColorRect</key>
                <string>{{0,0},{640,128}}</string>
                <key>sourceSize</key>
                <string>{640,128}</string>
            </dict>
            <key>plant block, megablock, stairs.png</key>
            <dict>
                <key>frame</key>
                <string>{{644,1498},{640,128}}</string>
                <key>offset</key>
                <string>{0,0}</string>
                <key>rotated</key>
                <false/>
                <key>sourceColorRect</key>
                <string>{{0,0},{640,128}}</string>
                <key>sourceSize</key>
                <string>{640,128}</string>
            </dict>
            <key>plant block, megablock.png</key>
            <dict>
                <key>frame</key>
                <string>{{2,1498},{640,128}}</string>
                <key>offset</key>
                <string>{0,0}</string>
                <key>rotated</key>
                <false/>
                <key>sourceColorRect</key>
                <string>{{0,0},{640,128}}</string>
                <key>sourceSize</key>
                <string>{640,128}</string>
            </dict>
            <key>plant block, megablock2.png</key>
            <dict>
                <key>frame</key>
                <string>{{1608,1498},{321,256}}</string>
                <key>offset</key>
                <string>{0,0}</string>
                <key>rotated</key>
                <false/>
                <key>sourceColorRect</key>
                <string>{{0,0},{321,256}}</string>
                <key>sourceSize</key>
                <string>{321,256}</string>
            </dict>
            <key>plant block, metablock.png</key>
            <dict>
                <key>frame</key>
                <string>{{2,1238},{1280,128}}</string>
                <key>offset</key>
                <string>{0,0}</string>
                <key>rotated</key>
                <false/>
                <key>sourceColorRect</key>
                <string>{{0,0},{1280,128}}</string>
                <key>sourceSize</key>
                <string>{1280,128}</string>
            </dict>
            <key>plant block, stair.png</key>
            <dict>
                <key>frame</key>
                <string>{{200,2},{64,64}}</string>
                <key>offset</key>
                <string>{0,0}</string>
                <key>rotated</key>
                <false/>
                <key>sourceColorRect</key>
                <string>{{0,0},{64,64}}</string>
                <key>sourceSize</key>
                <string>{64,64}</string>
            </dict>
            <key>plant block, stair2.png</key>
            <dict>
                <key>frame</key>
                <string>{{68,2},{64,64}}</string>
                <key>offset</key>
                <string>{0,0}</string>
                <key>rotated</key>
                <false/>
                <key>sourceColorRect</key>
                <string>{{0,0},{64,64}}</string>
                <key>sourceSize</key>
                <string>{64,64}</string>
            </dict>
            <key>plant block.png</key>
            <dict>
                <key>frame</key>
                <string>{{398,2},{64,64}}</string>
                <key>offset</key>
                <string>{0,0}</string>
                <key>rotated</key>
                <false/>
                <key>sourceColorRect</key>
                <string>{{0,0},{64,64}}</string>
                <key>sourceSize</key>
                <string>{64,64}</string>
            </dict>
            <key>raincloud block 2.png</key>
            <dict>
                <key>frame</key>
                <string>{{728,2},{64,64}}</string>
                <key>offset</key>
                <string>{0,0}</string>
                <key>rotated</key>
                <false/>
                <key>sourceColorRect</key>
                <string>{{0,0},{64,64}}</string>
                <key>sourceSize</key>
                <string>{64,64}</string>
            </dict>
            <key>raincloud block.png</key>
            <dict>
                <key>frame</key>
                <string>{{662,2},{64,64}}</string>
                <key>offset</key>
                <string>{0,0}</string>
                <key>rotated</key>
                <false/>
                <key>sourceColorRect</key>
                <string>{{0,0},{64,64}}</string>
                <key>sourceSize</key>
                <string>{64,64}</string>
            </dict>
            <key>red brick, megablock, stair.png</key>
            <dict>
                <key>frame</key>
                <string>{{2,588},{640,128}}</string>
                <key>offset</key>
                <string>{0,0}</string>
                <key>rotated</key>
                <false/>
                <key>sourceColorRect</key>
                <string>{{0,0},{640,128}}</string>
                <key>sourceSize</key>
                <string>{640,128}</string>
            </dict>
            <key>red brick, megablock, stair2.png</key>
            <dict>
                <key>frame</key>
                <string>{{1284,1238},{640,128}}</string>
                <key>offset</key>
                <string>{0,0}</string>
                <key>rotated</key>
                <false/>
                <key>sourceColorRect</key>
                <string>{{0,0},{640,128}}</string>
                <key>sourceSize</key>
                <string>{640,128}</string>
            </dict>
            <key>red brick, megablock, stairs.png</key>
            <dict>
                <key>frame</key>
                <string>{{644,1368},{640,128}}</string>
                <key>offset</key>
                <string>{0,0}</string>
                <key>rotated</key>
                <false/>
                <key>sourceColorRect</key>
                <string>{{0,0},{640,128}}</string>
                <key>sourceSize</key>
                <string>{640,128}</string>
            </dict>
            <key>red brick, megablock.png</key>
            <dict>
                <key>frame</key>
                <string>{{2,1368},{640,128}}</string>
                <key>offset</key>
                <string>{0,0}</string>
                <key>rotated</key>
                <false/>
                <key>sourceColorRect</key>
                <string>{{0,0},{640,128}}</string>
                <key>sourceSize</key>
                <string>{640,128}</string>
            </dict>
            <key>red brick, megablock2.png</key>
            <dict>
                <key>frame</key>
                <string>{{2,1756},{320,256}}</string>
                <key>offset</key>
                <string>{0,0}</string>
                <key>rotated</key>
                <false/>
                <key>sourceColorRect</key>
                <string>{{0,0},{320,256}}</string>
                <key>sourceSize</key>
                <string>{320,256}</string>
            </dict>
            <key>red brick, metablock.png</key>
            <dict>
                <key>frame</key>
                <string>{{2,198},{1280,128}}</string>
                <key>offset</key>
                <string>{0,0}</string>
                <key>rotated</key>
                <false/>
                <key>sourceColorRect</key>
                <string>{{0,0},{1280,128}}</string>
                <key>sourceSize</key>
                <string>{1280,128}</string>
            </dict>
            <key>red brick, stair.png</key>
            <dict>
                <key>frame</key>
                <string>{{464,2},{64,64}}</string>
                <key>offset</key>
                <string>{0,0}</string>
                <key>rotated</key>
                <false/>
                <key>sourceColorRect</key>
                <string>{{0,0},{64,64}}</string>
                <key>sourceSize</key>
                <string>{64,64}</string>
            </dict>
            <key>red brick, stair2.png</key>
            <dict>
                <key>frame</key>
                <string>{{596,2},{64,64}}</string>
                <key>offset</key>
                <string>{0,0}</string>
                <key>rotated</key>
                <false/>
                <key>sourceColorRect</key>
                <string>{{0,0},{64,64}}</string>
                <key>sourceSize</key>
                <string>{64,64}</string>
            </dict>
            <key>red brick.png</key>
            <dict>
                <key>frame</key>
                <string>{{794,2},{64,64}}</string>
                <key>offset</key>
                <string>{0,0}</string>
                <key>rotated</key>
                <false/>
                <key>sourceColorRect</key>
                <string>{{0,0},{64,64}}</string>
                <key>sourceSize</key>
                <string>{64,64}</string>
            </dict>
            <key>sand brick, megablock, stair.png</key>
            <dict>
                <key>frame</key>
                <string>{{644,328},{640,128}}</string>
                <key>offset</key>
                <string>{0,0}</string>
                <key>rotated</key>
                <false/>
                <key>sourceColorRect</key>
                <string>{{0,0},{640,128}}</string>
                <key>sourceSize</key>
                <string>{640,128}</string>
            </dict>
            <key>sand brick, megablock, stair2.png</key>
            <dict>
                <key>frame</key>
                <string>{{1284,198},{640,128}}</string>
                <key>offset</key>
                <string>{0,0}</string>
                <key>rotated</key>
                <false/>
                <key>sourceColorRect</key>
                <string>{{0,0},{640,128}}</string>
                <key>sourceSize</key>
                <string>{640,128}</string>
            </dict>
            <key>sand brick, megablock, stairs.png</key>
            <dict>
                <key>frame</key>
                <string>{{2,328},{640,128}}</string>
                <key>offset</key>
                <string>{0,0}</string>
                <key>rotated</key>
                <false/>
                <key>sourceColorRect</key>
                <string>{{0,0},{640,128}}</string>
                <key>sourceSize</key>
                <string>{640,128}</string>
            </dict>
            <key>sand brick, megablock.png</key>
            <dict>
                <key>frame</key>
                <string>{{1284,458},{640,128}}</string>
                <key>offset</key>
                <string>{0,0}</string>
                <key>rotated</key>
                <false/>
                <key>sourceColorRect</key>
                <string>{{0,0},{640,128}}</string>
                <key>sourceSize</key>
                <string>{640,128}</string>
            </dict>
            <key>sand brick, megablock2.png</key>
            <dict>
                <key>frame</key>
                <string>{{647,1756},{320,256}}</string>
                <key>offset</key>
                <string>{0,0}</string>
                <key>rotated</key>
                <false/>
                <key>sourceColorRect</key>
                <string>{{0,0},{320,256}}</string>
                <key>sourceSize</key>
                <string>{320,256}</string>
            </dict>
            <key>sand brick, metablock.png</key>
            <dict>
                <key>frame</key>
                <string>{{2,458},{1280,128}}</string>
                <key>offset</key>
                <string>{0,0}</string>
                <key>rotated</key>
                <false/>
                <key>sourceColorRect</key>
                <string>{{0,0},{1280,128}}</string>
                <key>sourceSize</key>
                <string>{1280,128}</string>
            </dict>
            <key>sand brick, stair.png</key>
            <dict>
                <key>frame</key>
                <string>{{332,2},{64,64}}</string>
                <key>offset</key>
                <string>{0,0}</string>
                <key>rotated</key>
                <false/>
                <key>sourceColorRect</key>
                <string>{{0,0},{64,64}}</string>
                <key>sourceSize</key>
                <string>{64,64}</string>
            </dict>
            <key>sand brick, stair2.png</key>
            <dict>
                <key>frame</key>
                <string>{{530,2},{64,64}}</string>
                <key>offset</key>
                <string>{0,0}</string>
                <key>rotated</key>
                <false/>
                <key>sourceColorRect</key>
                <string>{{0,0},{64,64}}</string>
                <key>sourceSize</key>
                <string>{64,64}</string>
            </dict>
            <key>sand brick.png</key>
            <dict>
                <key>frame</key>
                <string>{{992,2},{64,64}}</string>
                <key>offset</key>
                <string>{0,0}</string>
                <key>rotated</key>
                <false/>
                <key>sourceColorRect</key>
                <string>{{0,0},{64,64}}</string>
                <key>sourceSize</key>
                <string>{64,64}</string>
            </dict>
            <key>tombstone.png</key>
            <dict>
                <key>frame</key>
                <string>{{1520,2},{64,64}}</string>
                <key>offset</key>
                <string>{0,0}</string>
                <key>rotated</key>
                <false/>
                <key>sourceColorRect</key>
                <string>{{0,0},{64,64}}</string>
                <key>sourceSize</key>
                <string>{64,64}</string>
            </dict>
            <key>tombstone1.png</key>
            <dict>
                <key>frame</key>
                <string>{{1388,2},{64,64}}</string>
                <key>offset</key>
                <string>{0,0}</string>
                <key>rotated</key>
                <false/>
                <key>sourceColorRect</key>
                <string>{{0,0},{64,64}}</string>
                <key>sourceSize</key>
                <string>{64,64}</string>
            </dict>
            <key>tombstone2.png</key>
            <dict>
                <key>frame</key>
                <string>{{1454,2},{64,64}}</string>
                <key>offset</key>
                <string>{0,0}</string>
                <key>rotated</key>
                <false/>
                <key>sourceColorRect</key>
                <string>{{0,0},{64,64}}</string>
                <key>sourceSize</key>
                <string>{64,64}</string>
            </dict>
            <key>tombstone3.png</key>
            <dict>
                <key>frame</key>
                <string>{{1322,2},{64,64}}</string>
                <key>offset</key>
                <string>{0,0}</string>
                <key>rotated</key>
                <false/>
                <key>sourceColorRect</key>
                <string>{{0,0},{64,64}}</string>
                <key>sourceSize</key>
                <string>{64,64}</string>
            </dict>
            <key>tombstone4.png</key>
            <dict>
                <key>frame</key>
                <string>{{1256,2},{64,64}}</string>
                <key>offset</key>
                <string>{0,0}</string>
                <key>rotated</key>
                <false/>
                <key>sourceColorRect</key>
                <string>{{0,0},{64,64}}</string>
                <key>sourceSize</key>
                <string>{64,64}</string>
            </dict>
            <key>tombstone5.png</key>
            <dict>
                <key>frame</key>
                <string>{{1124,2},{64,64}}</string>
                <key>offset</key>
                <string>{0,0}</string>
                <key>rotated</key>
                <false/>
                <key>sourceColorRect</key>
                <string>{{0,0},{64,64}}</string>
                <key>sourceSize</key>
                <string>{64,64}</string>
            </dict>
            <key>water brick, megablock.png</key>
            <dict>
                <key>frame</key>
                <string>{{2,68},{640,128}}</string>
                <key>offset</key>
                <string>{0,0}</string>
                <key>rotated</key>
                <false/>
                <key>sourceColorRect</key>
                <string>{{0,0},{640,128}}</string>
                <key>sourceSize</key>
                <string>{640,128}</string>
            </dict>
            <key>water brick, megablock2.png</key>
            <dict>
                <key>frame</key>
                <string>{{1286,1498},{320,256}}</string>
                <key>offset</key>
                <string>{0,0}</string>
                <key>rotated</key>
                <false/>
                <key>sourceColorRect</key>
                <string>{{0,0},{320,256}}</string>
                <key>sourceSize</key>
                <string>{320,256}</string>
            </dict>
            <key>water brick, metablock.png</key>
            <dict>
                <key>frame</key>
                <string>{{644,68},{1280,128}}</string>
                <key>offset</key>
                <string>{0,0}</string>
                <key>rotated</key>
                <false/>
                <key>sourceColorRect</key>
                <string>{{0,0},{1280,128}}</string>
                <key>sourceSize</key>
                <string>{1280,128}</string>
            </dict>
            <key>water brick.png</key>
            <dict>
                <key>frame</key>
                <string>{{1190,2},{64,64}}</string>
                <key>offset</key>
                <string>{0,0}</string>
                <key>rotated</key>
                <false/>
                <key>sourceColorRect</key>
                <string>{{0,0},{64,64}}</string>
                <key>sourceSize</key>
                <string>{64,64}</string>
            </dict>
        </dict>
        <key>metadata</key>
        <dict>
            <key>format</key>
            <integer>2</integer>
            <key>realTextureFileName</key>
            <string>tiles2.png</string>
            <key>size</key>
            <string>{2048,2048}</string>
            <key>smartupdate</key>
            <string>$TexturePacker:SmartUpdate:79f478a5bfebb4004a25fb96ea1e68b4:1/1$</string>
            <key>textureFileName</key>
            <string>tiles2.png</string>
        </dict>
    </dict>
</plist>
