<?xml version="1.0" encoding="UTF-8"?>
<!DOCTYPE plist PUBLIC "-//Apple Computer//DTD PLIST 1.0//EN" "http://www.apple.com/DTDs/PropertyList-1.0.dtd">
<plist version="1.0">
    <dict>
        <key>frames</key>
        <dict>
            <key>climb0.png</key>
            <dict>
                <key>frame</key>
                <string>{{1,1},{33,33}}</string>
                <key>offset</key>
                <string>{0,0}</string>
                <key>rotated</key>
                <false/>
                <key>sourceColorRect</key>
                <string>{{0,0},{33,33}}</string>
                <key>sourceSize</key>
                <string>{33,33}</string>
            </dict>
            <key>climb1.png</key>
            <dict>
                <key>frame</key>
                <string>{{35,1},{33,33}}</string>
                <key>offset</key>
                <string>{0,0}</string>
                <key>rotated</key>
                <false/>
                <key>sourceColorRect</key>
                <string>{{0,0},{33,33}}</string>
                <key>sourceSize</key>
                <string>{33,33}</string>
            </dict>
            <key>fall-left.png</key>
            <dict>
                <key>frame</key>
                <string>{{69,1},{33,33}}</string>
                <key>offset</key>
                <string>{0,0}</string>
                <key>rotated</key>
                <false/>
                <key>sourceColorRect</key>
                <string>{{0,0},{33,33}}</string>
                <key>sourceSize</key>
                <string>{33,33}</string>
            </dict>
            <key>fall-right.png</key>
            <dict>
                <key>frame</key>
                <string>{{1,35},{33,33}}</string>
                <key>offset</key>
                <string>{0,0}</string>
                <key>rotated</key>
                <false/>
                <key>sourceColorRect</key>
                <string>{{0,0},{33,33}}</string>
                <key>sourceSize</key>
                <string>{33,33}</string>
            </dict>
            <key>rope-left0.png</key>
            <dict>
                <key>frame</key>
                <string>{{35,35},{33,33}}</string>
                <key>offset</key>
                <string>{0,0}</string>
                <key>rotated</key>
                <false/>
                <key>sourceColorRect</key>
                <string>{{0,0},{33,33}}</string>
                <key>sourceSize</key>
                <string>{33,33}</string>
            </dict>
            <key>rope-left1.png</key>
            <dict>
                <key>frame</key>
                <string>{{69,35},{33,33}}</string>
                <key>offset</key>
                <string>{0,0}</string>
                <key>rotated</key>
                <false/>
                <key>sourceColorRect</key>
                <string>{{0,0},{33,33}}</string>
                <key>sourceSize</key>
                <string>{33,33}</string>
            </dict>
            <key>rope-left2.png</key>
            <dict>
                <key>frame</key>
                <string>{{1,69},{33,33}}</string>
                <key>offset</key>
                <string>{0,0}</string>
                <key>rotated</key>
                <false/>
                <key>sourceColorRect</key>
                <string>{{0,0},{33,33}}</string>
                <key>sourceSize</key>
                <string>{33,33}</string>
            </dict>
            <key>rope-right0.png</key>
            <dict>
                <key>frame</key>
                <string>{{35,69},{33,33}}</string>
                <key>offset</key>
                <string>{0,0}</string>
                <key>rotated</key>
                <false/>
                <key>sourceColorRect</key>
                <string>{{0,0},{33,33}}</string>
                <key>sourceSize</key>
                <string>{33,33}</string>
            </dict>
            <key>rope-right1.png</key>
            <dict>
                <key>frame</key>
                <string>{{69,69},{33,33}}</string>
                <key>offset</key>
                <string>{0,0}</string>
                <key>rotated</key>
                <false/>
                <key>sourceColorRect</key>
                <string>{{0,0},{33,33}}</string>
                <key>sourceSize</key>
                <string>{33,33}</string>
            </dict>
            <key>rope-right2.png</key>
            <dict>
                <key>frame</key>
                <string>{{1,103},{33,33}}</string>
                <key>offset</key>
                <string>{0,0}</string>
                <key>rotated</key>
                <false/>
                <key>sourceColorRect</key>
                <string>{{0,0},{33,33}}</string>
                <key>sourceSize</key>
                <string>{33,33}</string>
            </dict>
            <key>shoot-left.png</key>
            <dict>
                <key>frame</key>
                <string>{{35,103},{33,33}}</string>
                <key>offset</key>
                <string>{0,0}</string>
                <key>rotated</key>
                <false/>
                <key>sourceColorRect</key>
                <string>{{0,0},{33,33}}</string>
                <key>sourceSize</key>
                <string>{33,33}</string>
            </dict>
            <key>shoot-right.png</key>
            <dict>
                <key>frame</key>
                <string>{{69,103},{33,33}}</string>
                <key>offset</key>
                <string>{0,0}</string>
                <key>rotated</key>
                <false/>
                <key>sourceColorRect</key>
                <string>{{0,0},{33,33}}</string>
                <key>sourceSize</key>
                <string>{33,33}</string>
            </dict>
            <key>walk-left0.png</key>
            <dict>
                <key>frame</key>
                <string>{{1,137},{33,33}}</string>
                <key>offset</key>
                <string>{0,0}</string>
                <key>rotated</key>
                <false/>
                <key>sourceColorRect</key>
                <string>{{0,0},{33,33}}</string>
                <key>sourceSize</key>
                <string>{33,33}</string>
            </dict>
            <key>walk-left1.png</key>
            <dict>
                <key>frame</key>
                <string>{{35,137},{33,33}}</string>
                <key>offset</key>
                <string>{0,0}</string>
                <key>rotated</key>
                <false/>
                <key>sourceColorRect</key>
                <string>{{0,0},{33,33}}</string>
                <key>sourceSize</key>
                <string>{33,33}</string>
            </dict>
            <key>walk-left2.png</key>
            <dict>
                <key>frame</key>
                <string>{{69,137},{33,33}}</string>
                <key>offset</key>
                <string>{0,0}</string>
                <key>rotated</key>
                <false/>
                <key>sourceColorRect</key>
                <string>{{0,0},{33,33}}</string>
                <key>sourceSize</key>
                <string>{33,33}</string>
            </dict>
            <key>walk-right0.png</key>
            <dict>
                <key>frame</key>
                <string>{{1,171},{33,33}}</string>
                <key>offset</key>
                <string>{0,0}</string>
                <key>rotated</key>
                <false/>
                <key>sourceColorRect</key>
                <string>{{0,0},{33,33}}</string>
                <key>sourceSize</key>
                <string>{33,33}</string>
            </dict>
            <key>walk-right1.png</key>
            <dict>
                <key>frame</key>
                <string>{{35,171},{33,33}}</string>
                <key>offset</key>
                <string>{0,0}</string>
                <key>rotated</key>
                <false/>
                <key>sourceColorRect</key>
                <string>{{0,0},{33,33}}</string>
                <key>sourceSize</key>
                <string>{33,33}</string>
            </dict>
            <key>walk-right2.png</key>
            <dict>
                <key>frame</key>
                <string>{{69,171},{33,33}}</string>
                <key>offset</key>
                <string>{0,0}</string>
                <key>rotated</key>
                <false/>
                <key>sourceColorRect</key>
                <string>{{0,0},{33,33}}</string>
                <key>sourceSize</key>
                <string>{33,33}</string>
            </dict>
        </dict>
        <key>metadata</key>
        <dict>
            <key>format</key>
            <integer>2</integer>
            <key>realTextureFileName</key>
            <string>character.png</string>
            <key>size</key>
            <string>{128,256}</string>
            <key>smartupdate</key>
            <string>$TexturePacker:SmartUpdate:9b1e8ab51ee1ce7fee8318fcba96d34e:1/1$</string>
            <key>textureFileName</key>
            <string>character.png</string>
        </dict>
    </dict>
</plist>
