<?xml version="1.0" encoding="UTF-8"?>
<!DOCTYPE plist PUBLIC "-//Apple Computer//DTD PLIST 1.0//EN" "http://www.apple.com/DTDs/PropertyList-1.0.dtd">
<plist version="1.0">
    <dict>
        <key>frames</key>
        <dict>
            <key>blank block.png</key>
            <dict>
                <key>frame</key>
                <string>{{2,2},{64,64}}</string>
                <key>offset</key>
                <string>{0,0}</string>
                <key>rotated</key>
                <false/>
                <key>sourceColorRect</key>
                <string>{{0,0},{64,64}}</string>
                <key>sourceSize</key>
                <string>{64,64}</string>
            </dict>
            <key>blank brick.png</key>
            <dict>
                <key>frame</key>
                <string>{{68,2},{64,64}}</string>
                <key>offset</key>
                <string>{0,0}</string>
                <key>rotated</key>
                <false/>
                <key>sourceColorRect</key>
                <string>{{0,0},{64,64}}</string>
                <key>sourceSize</key>
                <string>{64,64}</string>
            </dict>
            <key>green brick 2.png</key>
            <dict>
                <key>frame</key>
                <string>{{134,2},{64,64}}</string>
                <key>offset</key>
                <string>{0,0}</string>
                <key>rotated</key>
                <false/>
                <key>sourceColorRect</key>
                <string>{{0,0},{64,64}}</string>
                <key>sourceSize</key>
                <string>{64,64}</string>
            </dict>
            <key>green brick.png</key>
            <dict>
                <key>frame</key>
                <string>{{2,68},{64,64}}</string>
                <key>offset</key>
                <string>{0,0}</string>
                <key>rotated</key>
                <false/>
                <key>sourceColorRect</key>
                <string>{{0,0},{64,64}}</string>
                <key>sourceSize</key>
                <string>{64,64}</string>
            </dict>
            <key>plant block 2.png</key>
            <dict>
                <key>frame</key>
                <string>{{68,68},{64,64}}</string>
                <key>offset</key>
                <string>{0,0}</string>
                <key>rotated</key>
                <false/>
                <key>sourceColorRect</key>
                <string>{{0,0},{64,64}}</string>
                <key>sourceSize</key>
                <string>{64,64}</string>
            </dict>
            <key>plant block.png</key>
            <dict>
                <key>frame</key>
                <string>{{134,68},{64,64}}</string>
                <key>offset</key>
                <string>{0,0}</string>
                <key>rotated</key>
                <false/>
                <key>sourceColorRect</key>
                <string>{{0,0},{64,64}}</string>
                <key>sourceSize</key>
                <string>{64,64}</string>
            </dict>
            <key>red brick.png</key>
            <dict>
                <key>frame</key>
                <string>{{2,134},{64,64}}</string>
                <key>offset</key>
                <string>{0,0}</string>
                <key>rotated</key>
                <false/>
                <key>sourceColorRect</key>
                <string>{{0,0},{64,64}}</string>
                <key>sourceSize</key>
                <string>{64,64}</string>
            </dict>
            <key>sand brick.png</key>
            <dict>
                <key>frame</key>
                <string>{{68,134},{64,64}}</string>
                <key>offset</key>
                <string>{0,0}</string>
                <key>rotated</key>
                <false/>
                <key>sourceColorRect</key>
                <string>{{0,0},{64,64}}</string>
                <key>sourceSize</key>
                <string>{64,64}</string>
            </dict>
            <key>water brick.png</key>
            <dict>
                <key>frame</key>
                <string>{{134,134},{64,64}}</string>
                <key>offset</key>
                <string>{0,0}</string>
                <key>rotated</key>
                <false/>
                <key>sourceColorRect</key>
                <string>{{0,0},{64,64}}</string>
                <key>sourceSize</key>
                <string>{64,64}</string>
            </dict>
        </dict>
        <key>metadata</key>
        <dict>
            <key>format</key>
            <integer>2</integer>
            <key>realTextureFileName</key>
            <string>NattyGroundTiles.png</string>
            <key>size</key>
            <string>{256,256}</string>
            <key>smartupdate</key>
            <string>$TexturePacker:SmartUpdate:b5a9a11c76c4a90142b7641dcd2a1e41:1/1$</string>
            <key>textureFileName</key>
            <string>NattyGroundTiles.png</string>
        </dict>
    </dict>
</plist>
