<?xml version="1.0" encoding="UTF-8"?>
<!DOCTYPE plist PUBLIC "-//Apple Computer//DTD PLIST 1.0//EN" "http://www.apple.com/DTDs/PropertyList-1.0.dtd">
<plist version="1.0">
    <dict>
        <key>frames</key>
        <dict>
            <key>brick-break0.png</key>
            <dict>
                <key>frame</key>
                <string>{{2,2},{30,30}}</string>
                <key>offset</key>
                <string>{0,0}</string>
                <key>rotated</key>
                <false/>
                <key>sourceColorRect</key>
                <string>{{0,0},{30,30}}</string>
                <key>sourceSize</key>
                <string>{30,30}</string>
            </dict>
            <key>brick-break1.png</key>
            <dict>
                <key>frame</key>
                <string>{{34,2},{30,30}}</string>
                <key>offset</key>
                <string>{0,0}</string>
                <key>rotated</key>
                <false/>
                <key>sourceColorRect</key>
                <string>{{0,0},{30,30}}</string>
                <key>sourceSize</key>
                <string>{30,30}</string>
            </dict>
            <key>brick-break2.png</key>
            <dict>
                <key>frame</key>
                <string>{{66,2},{30,30}}</string>
                <key>offset</key>
                <string>{0,0}</string>
                <key>rotated</key>
                <false/>
                <key>sourceColorRect</key>
                <string>{{0,0},{30,30}}</string>
                <key>sourceSize</key>
                <string>{30,30}</string>
            </dict>
            <key>brick-break3.png</key>
            <dict>
                <key>frame</key>
                <string>{{98,2},{30,30}}</string>
                <key>offset</key>
                <string>{0,0}</string>
                <key>rotated</key>
                <false/>
                <key>sourceColorRect</key>
                <string>{{0,0},{30,30}}</string>
                <key>sourceSize</key>
                <string>{30,30}</string>
            </dict>
            <key>brick-break4.png</key>
            <dict>
                <key>frame</key>
                <string>{{130,2},{30,30}}</string>
                <key>offset</key>
                <string>{0,0}</string>
                <key>rotated</key>
                <false/>
                <key>sourceColorRect</key>
                <string>{{0,0},{30,30}}</string>
                <key>sourceSize</key>
                <string>{30,30}</string>
            </dict>
            <key>brick-break5.png</key>
            <dict>
                <key>frame</key>
                <string>{{162,2},{30,30}}</string>
                <key>offset</key>
                <string>{0,0}</string>
                <key>rotated</key>
                <false/>
                <key>sourceColorRect</key>
                <string>{{0,0},{30,30}}</string>
                <key>sourceSize</key>
                <string>{30,30}</string>
            </dict>
            <key>brick-break6.png</key>
            <dict>
                <key>frame</key>
                <string>{{194,2},{30,30}}</string>
                <key>offset</key>
                <string>{0,0}</string>
                <key>rotated</key>
                <false/>
                <key>sourceColorRect</key>
                <string>{{0,0},{30,30}}</string>
                <key>sourceSize</key>
                <string>{30,30}</string>
            </dict>
            <key>brick-fill0.png</key>
            <dict>
                <key>frame</key>
                <string>{{2,34},{30,30}}</string>
                <key>offset</key>
                <string>{0,0}</string>
                <key>rotated</key>
                <false/>
                <key>sourceColorRect</key>
                <string>{{0,0},{30,30}}</string>
                <key>sourceSize</key>
                <string>{30,30}</string>
            </dict>
            <key>brick-fill1.png</key>
            <dict>
                <key>frame</key>
                <string>{{34,34},{30,30}}</string>
                <key>offset</key>
                <string>{0,0}</string>
                <key>rotated</key>
                <false/>
                <key>sourceColorRect</key>
                <string>{{0,0},{30,30}}</string>
                <key>sourceSize</key>
                <string>{30,30}</string>
            </dict>
            <key>brick-fill2.png</key>
            <dict>
                <key>frame</key>
                <string>{{66,34},{30,30}}</string>
                <key>offset</key>
                <string>{0,0}</string>
                <key>rotated</key>
                <false/>
                <key>sourceColorRect</key>
                <string>{{0,0},{30,30}}</string>
                <key>sourceSize</key>
                <string>{30,30}</string>
            </dict>
            <key>brick-fill3.png</key>
            <dict>
                <key>frame</key>
                <string>{{98,34},{30,30}}</string>
                <key>offset</key>
                <string>{0,0}</string>
                <key>rotated</key>
                <false/>
                <key>sourceColorRect</key>
                <string>{{0,0},{30,30}}</string>
                <key>sourceSize</key>
                <string>{30,30}</string>
            </dict>
            <key>brick-fill4.png</key>
            <dict>
                <key>frame</key>
                <string>{{130,34},{30,30}}</string>
                <key>offset</key>
                <string>{0,0}</string>
                <key>rotated</key>
                <false/>
                <key>sourceColorRect</key>
                <string>{{0,0},{30,30}}</string>
                <key>sourceSize</key>
                <string>{30,30}</string>
            </dict>
            <key>brick-fill5.png</key>
            <dict>
                <key>frame</key>
                <string>{{162,34},{30,30}}</string>
                <key>offset</key>
                <string>{0,0}</string>
                <key>rotated</key>
                <false/>
                <key>sourceColorRect</key>
                <string>{{0,0},{30,30}}</string>
                <key>sourceSize</key>
                <string>{30,30}</string>
            </dict>
            <key>brick-fill6.png</key>
            <dict>
                <key>frame</key>
                <string>{{2,2},{30,30}}</string>
                <key>offset</key>
                <string>{0,0}</string>
                <key>rotated</key>
                <false/>
                <key>sourceColorRect</key>
                <string>{{0,0},{30,30}}</string>
                <key>sourceSize</key>
                <string>{30,30}</string>
            </dict>
            <key>brick-solid.png</key>
            <dict>
                <key>frame</key>
                <string>{{194,34},{30,30}}</string>
                <key>offset</key>
                <string>{0,0}</string>
                <key>rotated</key>
                <false/>
                <key>sourceColorRect</key>
                <string>{{0,0},{30,30}}</string>
                <key>sourceSize</key>
                <string>{30,30}</string>
            </dict>
            <key>climb0.png</key>
            <dict>
                <key>frame</key>
                <string>{{2,66},{33,33}}</string>
                <key>offset</key>
                <string>{0,0}</string>
                <key>rotated</key>
                <false/>
                <key>sourceColorRect</key>
                <string>{{0,0},{33,33}}</string>
                <key>sourceSize</key>
                <string>{33,33}</string>
            </dict>
            <key>climb1.png</key>
            <dict>
                <key>frame</key>
                <string>{{37,66},{33,33}}</string>
                <key>offset</key>
                <string>{0,0}</string>
                <key>rotated</key>
                <false/>
                <key>sourceColorRect</key>
                <string>{{0,0},{33,33}}</string>
                <key>sourceSize</key>
                <string>{33,33}</string>
            </dict>
            <key>fall-left.png</key>
            <dict>
                <key>frame</key>
                <string>{{72,66},{33,33}}</string>
                <key>offset</key>
                <string>{0,0}</string>
                <key>rotated</key>
                <false/>
                <key>sourceColorRect</key>
                <string>{{0,0},{33,33}}</string>
                <key>sourceSize</key>
                <string>{33,33}</string>
            </dict>
            <key>fall-right.png</key>
            <dict>
                <key>frame</key>
                <string>{{107,66},{33,33}}</string>
                <key>offset</key>
                <string>{0,0}</string>
                <key>rotated</key>
                <false/>
                <key>sourceColorRect</key>
                <string>{{0,0},{33,33}}</string>
                <key>sourceSize</key>
                <string>{33,33}</string>
            </dict>
            <key>ladder-30x30.png</key>
            <dict>
                <key>frame</key>
                <string>{{142,66},{30,30}}</string>
                <key>offset</key>
                <string>{0,0}</string>
                <key>rotated</key>
                <false/>
                <key>sourceColorRect</key>
                <string>{{0,0},{30,30}}</string>
                <key>sourceSize</key>
                <string>{30,30}</string>
            </dict>
            <key>pickup.png</key>
            <dict>
                <key>frame</key>
                <string>{{174,66},{30,30}}</string>
                <key>offset</key>
                <string>{0,0}</string>
                <key>rotated</key>
                <false/>
                <key>sourceColorRect</key>
                <string>{{0,0},{30,30}}</string>
                <key>sourceSize</key>
                <string>{30,30}</string>
            </dict>
            <key>rope-left0.png</key>
            <dict>
                <key>frame</key>
                <string>{{206,66},{33,33}}</string>
                <key>offset</key>
                <string>{0,0}</string>
                <key>rotated</key>
                <false/>
                <key>sourceColorRect</key>
                <string>{{0,0},{33,33}}</string>
                <key>sourceSize</key>
                <string>{33,33}</string>
            </dict>
            <key>rope-left1.png</key>
            <dict>
                <key>frame</key>
                <string>{{2,101},{33,33}}</string>
                <key>offset</key>
                <string>{0,0}</string>
                <key>rotated</key>
                <false/>
                <key>sourceColorRect</key>
                <string>{{0,0},{33,33}}</string>
                <key>sourceSize</key>
                <string>{33,33}</string>
            </dict>
            <key>rope-left2.png</key>
            <dict>
                <key>frame</key>
                <string>{{37,101},{33,33}}</string>
                <key>offset</key>
                <string>{0,0}</string>
                <key>rotated</key>
                <false/>
                <key>sourceColorRect</key>
                <string>{{0,0},{33,33}}</string>
                <key>sourceSize</key>
                <string>{33,33}</string>
            </dict>
            <key>rope-right0.png</key>
            <dict>
                <key>frame</key>
                <string>{{72,101},{33,33}}</string>
                <key>offset</key>
                <string>{0,0}</string>
                <key>rotated</key>
                <false/>
                <key>sourceColorRect</key>
                <string>{{0,0},{33,33}}</string>
                <key>sourceSize</key>
                <string>{33,33}</string>
            </dict>
            <key>rope-right1.png</key>
            <dict>
                <key>frame</key>
                <string>{{107,101},{33,33}}</string>
                <key>offset</key>
                <string>{0,0}</string>
                <key>rotated</key>
                <false/>
                <key>sourceColorRect</key>
                <string>{{0,0},{33,33}}</string>
                <key>sourceSize</key>
                <string>{33,33}</string>
            </dict>
            <key>rope-right2.png</key>
            <dict>
                <key>frame</key>
                <string>{{142,101},{33,33}}</string>
                <key>offset</key>
                <string>{0,0}</string>
                <key>rotated</key>
                <false/>
                <key>sourceColorRect</key>
                <string>{{0,0},{33,33}}</string>
                <key>sourceSize</key>
                <string>{33,33}</string>
            </dict>
            <key>rope.png</key>
            <dict>
                <key>frame</key>
                <string>{{177,101},{30,30}}</string>
                <key>offset</key>
                <string>{0,0}</string>
                <key>rotated</key>
                <false/>
                <key>sourceColorRect</key>
                <string>{{0,0},{30,30}}</string>
                <key>sourceSize</key>
                <string>{30,30}</string>
            </dict>
            <key>shoot-left.png</key>
            <dict>
                <key>frame</key>
                <string>{{209,101},{33,33}}</string>
                <key>offset</key>
                <string>{0,0}</string>
                <key>rotated</key>
                <false/>
                <key>sourceColorRect</key>
                <string>{{0,0},{33,33}}</string>
                <key>sourceSize</key>
                <string>{33,33}</string>
            </dict>
            <key>shoot-right.png</key>
            <dict>
                <key>frame</key>
                <string>{{2,136},{33,33}}</string>
                <key>offset</key>
                <string>{0,0}</string>
                <key>rotated</key>
                <false/>
                <key>sourceColorRect</key>
                <string>{{0,0},{33,33}}</string>
                <key>sourceSize</key>
                <string>{33,33}</string>
            </dict>
            <key>shoot0.png</key>
            <dict>
                <key>frame</key>
                <string>{{37,136},{30,30}}</string>
                <key>offset</key>
                <string>{0,0}</string>
                <key>rotated</key>
                <false/>
                <key>sourceColorRect</key>
                <string>{{0,0},{30,30}}</string>
                <key>sourceSize</key>
                <string>{30,30}</string>
            </dict>
            <key>shoot1.png</key>
            <dict>
                <key>frame</key>
                <string>{{69,136},{30,30}}</string>
                <key>offset</key>
                <string>{0,0}</string>
                <key>rotated</key>
                <false/>
                <key>sourceColorRect</key>
                <string>{{0,0},{30,30}}</string>
                <key>sourceSize</key>
                <string>{30,30}</string>
            </dict>
            <key>shoot2.png</key>
            <dict>
                <key>frame</key>
                <string>{{101,136},{30,30}}</string>
                <key>offset</key>
                <string>{0,0}</string>
                <key>rotated</key>
                <false/>
                <key>sourceColorRect</key>
                <string>{{0,0},{30,30}}</string>
                <key>sourceSize</key>
                <string>{30,30}</string>
            </dict>
            <key>shoot3.png</key>
            <dict>
                <key>frame</key>
                <string>{{133,136},{30,30}}</string>
                <key>offset</key>
                <string>{0,0}</string>
                <key>rotated</key>
                <false/>
                <key>sourceColorRect</key>
                <string>{{0,0},{30,30}}</string>
                <key>sourceSize</key>
                <string>{30,30}</string>
            </dict>
            <key>shoot4.png</key>
            <dict>
                <key>frame</key>
                <string>{{165,136},{30,30}}</string>
                <key>offset</key>
                <string>{0,0}</string>
                <key>rotated</key>
                <false/>
                <key>sourceColorRect</key>
                <string>{{0,0},{30,30}}</string>
                <key>sourceSize</key>
                <string>{30,30}</string>
            </dict>
            <key>walk-left0.png</key>
            <dict>
                <key>frame</key>
                <string>{{197,136},{33,33}}</string>
                <key>offset</key>
                <string>{0,0}</string>
                <key>rotated</key>
                <false/>
                <key>sourceColorRect</key>
                <string>{{0,0},{33,33}}</string>
                <key>sourceSize</key>
                <string>{33,33}</string>
            </dict>
            <key>walk-left1.png</key>
            <dict>
                <key>frame</key>
                <string>{{2,171},{33,33}}</string>
                <key>offset</key>
                <string>{0,0}</string>
                <key>rotated</key>
                <false/>
                <key>sourceColorRect</key>
                <string>{{0,0},{33,33}}</string>
                <key>sourceSize</key>
                <string>{33,33}</string>
            </dict>
            <key>walk-left2.png</key>
            <dict>
                <key>frame</key>
                <string>{{37,171},{33,33}}</string>
                <key>offset</key>
                <string>{0,0}</string>
                <key>rotated</key>
                <false/>
                <key>sourceColorRect</key>
                <string>{{0,0},{33,33}}</string>
                <key>sourceSize</key>
                <string>{33,33}</string>
            </dict>
            <key>walk-right0.png</key>
            <dict>
                <key>frame</key>
                <string>{{72,171},{33,33}}</string>
                <key>offset</key>
                <string>{0,0}</string>
                <key>rotated</key>
                <false/>
                <key>sourceColorRect</key>
                <string>{{0,0},{33,33}}</string>
                <key>sourceSize</key>
                <string>{33,33}</string>
            </dict>
            <key>walk-right1.png</key>
            <dict>
                <key>frame</key>
                <string>{{107,171},{33,33}}</string>
                <key>offset</key>
                <string>{0,0}</string>
                <key>rotated</key>
                <false/>
                <key>sourceColorRect</key>
                <string>{{0,0},{33,33}}</string>
                <key>sourceSize</key>
                <string>{33,33}</string>
            </dict>
            <key>walk-right2.png</key>
            <dict>
                <key>frame</key>
                <string>{{142,171},{33,33}}</string>
                <key>offset</key>
                <string>{0,0}</string>
                <key>rotated</key>
                <false/>
                <key>sourceColorRect</key>
                <string>{{0,0},{33,33}}</string>
                <key>sourceSize</key>
                <string>{33,33}</string>
            </dict>
        </dict>
        <key>metadata</key>
        <dict>
            <key>format</key>
            <integer>2</integer>
            <key>realTextureFileName</key>
            <string>level.png</string>
            <key>size</key>
            <string>{256,256}</string>
            <key>smartupdate</key>
            <string>$TexturePacker:SmartUpdate:5c31b7b6e70f4bd6d1a15ef923a9fe75:1/1$</string>
            <key>textureFileName</key>
            <string>level.png</string>
        </dict>
    </dict>
</plist>
