<?xml version="1.0" encoding="UTF-8"?>
<!DOCTYPE plist PUBLIC "-//Apple Computer//DTD PLIST 1.0//EN" "http://www.apple.com/DTDs/PropertyList-1.0.dtd">
<plist version="1.0">
    <dict>
        <key>frames</key>
        <dict>
            <key>nattty boh can blue.png</key>
            <dict>
                <key>frame</key>
                <string>{{2,2},{155,276}}</string>
                <key>offset</key>
                <string>{0,0}</string>
                <key>rotated</key>
                <false/>
                <key>sourceColorRect</key>
                <string>{{0,0},{155,276}}</string>
                <key>sourceSize</key>
                <string>{155,276}</string>
            </dict>
            <key>nattty boh can green.png</key>
            <dict>
                <key>frame</key>
                <string>{{159,2},{155,276}}</string>
                <key>offset</key>
                <string>{0,0}</string>
                <key>rotated</key>
                <false/>
                <key>sourceColorRect</key>
                <string>{{0,0},{155,276}}</string>
                <key>sourceSize</key>
                <string>{155,276}</string>
            </dict>
            <key>nattty boh can not colored.png</key>
            <dict>
                <key>frame</key>
                <string>{{316,2},{155,276}}</string>
                <key>offset</key>
                <string>{0,0}</string>
                <key>rotated</key>
                <false/>
                <key>sourceColorRect</key>
                <string>{{0,0},{155,276}}</string>
                <key>sourceSize</key>
                <string>{155,276}</string>
            </dict>
            <key>nattty boh can red.png</key>
            <dict>
                <key>frame</key>
                <string>{{2,280},{155,276}}</string>
                <key>offset</key>
                <string>{0,0}</string>
                <key>rotated</key>
                <false/>
                <key>sourceColorRect</key>
                <string>{{0,0},{155,276}}</string>
                <key>sourceSize</key>
                <string>{155,276}</string>
            </dict>
            <key>nattty boh can variety.png</key>
            <dict>
                <key>frame</key>
                <string>{{159,280},{155,276}}</string>
                <key>offset</key>
                <string>{0,0}</string>
                <key>rotated</key>
                <false/>
                <key>sourceColorRect</key>
                <string>{{0,0},{155,276}}</string>
                <key>sourceSize</key>
                <string>{155,276}</string>
            </dict>
            <key>nattty boh can variety2.png</key>
            <dict>
                <key>frame</key>
                <string>{{316,280},{155,276}}</string>
                <key>offset</key>
                <string>{0,0}</string>
                <key>rotated</key>
                <false/>
                <key>sourceColorRect</key>
                <string>{{0,0},{155,276}}</string>
                <key>sourceSize</key>
                <string>{155,276}</string>
            </dict>
        </dict>
        <key>metadata</key>
        <dict>
            <key>format</key>
            <integer>2</integer>
            <key>realTextureFileName</key>
            <string>beer3.png</string>
            <key>size</key>
            <string>{512,1024}</string>
            <key>smartupdate</key>
            <string>$TexturePacker:SmartUpdate:a5f854910cff4467a39a5afcc9d3d39d:1/1$</string>
            <key>textureFileName</key>
            <string>beer3.png</string>
        </dict>
    </dict>
</plist>
