<?xml version="1.0" encoding="UTF-8"?>
<!DOCTYPE plist PUBLIC "-//Apple Computer//DTD PLIST 1.0//EN" "http://www.apple.com/DTDs/PropertyList-1.0.dtd">
<plist version="1.0">
    <dict>
        <key>frames</key>
        <dict>
            <key>22 blue 2.png</key>
            <dict>
                <key>frame</key>
                <string>{{2,2},{64,64}}</string>
                <key>offset</key>
                <string>{0,0}</string>
                <key>rotated</key>
                <false/>
                <key>sourceColorRect</key>
                <string>{{0,0},{64,64}}</string>
                <key>sourceSize</key>
                <string>{64,64}</string>
            </dict>
            <key>22 blue.png</key>
            <dict>
                <key>frame</key>
                <string>{{68,2},{64,64}}</string>
                <key>offset</key>
                <string>{0,0}</string>
                <key>rotated</key>
                <false/>
                <key>sourceColorRect</key>
                <string>{{0,0},{64,64}}</string>
                <key>sourceSize</key>
                <string>{64,64}</string>
            </dict>
            <key>22 green 2.png</key>
            <dict>
                <key>frame</key>
                <string>{{134,2},{64,64}}</string>
                <key>offset</key>
                <string>{0,0}</string>
                <key>rotated</key>
                <false/>
                <key>sourceColorRect</key>
                <string>{{0,0},{64,64}}</string>
                <key>sourceSize</key>
                <string>{64,64}</string>
            </dict>
            <key>22 green.png</key>
            <dict>
                <key>frame</key>
                <string>{{200,2},{64,64}}</string>
                <key>offset</key>
                <string>{0,0}</string>
                <key>rotated</key>
                <false/>
                <key>sourceColorRect</key>
                <string>{{0,0},{64,64}}</string>
                <key>sourceSize</key>
                <string>{64,64}</string>
            </dict>
            <key>22 red 2.png</key>
            <dict>
                <key>frame</key>
                <string>{{266,2},{64,64}}</string>
                <key>offset</key>
                <string>{0,0}</string>
                <key>rotated</key>
                <false/>
                <key>sourceColorRect</key>
                <string>{{0,0},{64,64}}</string>
                <key>sourceSize</key>
                <string>{64,64}</string>
            </dict>
            <key>22 red.png</key>
            <dict>
                <key>frame</key>
                <string>{{332,2},{64,64}}</string>
                <key>offset</key>
                <string>{0,0}</string>
                <key>rotated</key>
                <false/>
                <key>sourceColorRect</key>
                <string>{{0,0},{64,64}}</string>
                <key>sourceSize</key>
                <string>{64,64}</string>
            </dict>
            <key>22 yellow 2.png</key>
            <dict>
                <key>frame</key>
                <string>{{398,2},{64,64}}</string>
                <key>offset</key>
                <string>{0,0}</string>
                <key>rotated</key>
                <false/>
                <key>sourceColorRect</key>
                <string>{{0,0},{64,64}}</string>
                <key>sourceSize</key>
                <string>{64,64}</string>
            </dict>
            <key>22 yellow.png</key>
            <dict>
                <key>frame</key>
                <string>{{2,68},{64,64}}</string>
                <key>offset</key>
                <string>{0,0}</string>
                <key>rotated</key>
                <false/>
                <key>sourceColorRect</key>
                <string>{{0,0},{64,64}}</string>
                <key>sourceSize</key>
                <string>{64,64}</string>
            </dict>
            <key>22.png</key>
            <dict>
                <key>frame</key>
                <string>{{68,68},{64,64}}</string>
                <key>offset</key>
                <string>{0,0}</string>
                <key>rotated</key>
                <false/>
                <key>sourceColorRect</key>
                <string>{{0,0},{64,64}}</string>
                <key>sourceSize</key>
                <string>{64,64}</string>
            </dict>
            <key>45 1.png</key>
            <dict>
                <key>frame</key>
                <string>{{134,68},{64,64}}</string>
                <key>offset</key>
                <string>{0,0}</string>
                <key>rotated</key>
                <false/>
                <key>sourceColorRect</key>
                <string>{{0,0},{64,64}}</string>
                <key>sourceSize</key>
                <string>{64,64}</string>
            </dict>
            <key>45 angle.png</key>
            <dict>
                <key>frame</key>
                <string>{{200,68},{64,64}}</string>
                <key>offset</key>
                <string>{0,0}</string>
                <key>rotated</key>
                <false/>
                <key>sourceColorRect</key>
                <string>{{0,0},{64,64}}</string>
                <key>sourceSize</key>
                <string>{64,64}</string>
            </dict>
            <key>45 angle1.png</key>
            <dict>
                <key>frame</key>
                <string>{{266,68},{64,64}}</string>
                <key>offset</key>
                <string>{0,0}</string>
                <key>rotated</key>
                <false/>
                <key>sourceColorRect</key>
                <string>{{0,0},{64,64}}</string>
                <key>sourceSize</key>
                <string>{64,64}</string>
            </dict>
            <key>45 stairs.png</key>
            <dict>
                <key>frame</key>
                <string>{{332,68},{64,64}}</string>
                <key>offset</key>
                <string>{0,0}</string>
                <key>rotated</key>
                <false/>
                <key>sourceColorRect</key>
                <string>{{0,0},{64,64}}</string>
                <key>sourceSize</key>
                <string>{64,64}</string>
            </dict>
            <key>45.png</key>
            <dict>
                <key>frame</key>
                <string>{{398,68},{64,64}}</string>
                <key>offset</key>
                <string>{0,0}</string>
                <key>rotated</key>
                <false/>
                <key>sourceColorRect</key>
                <string>{{0,0},{64,64}}</string>
                <key>sourceSize</key>
                <string>{64,64}</string>
            </dict>
            <key>blank block.png</key>
            <dict>
                <key>frame</key>
                <string>{{2,134},{64,64}}</string>
                <key>offset</key>
                <string>{0,0}</string>
                <key>rotated</key>
                <false/>
                <key>sourceColorRect</key>
                <string>{{0,0},{64,64}}</string>
                <key>sourceSize</key>
                <string>{64,64}</string>
            </dict>
            <key>blank brick.png</key>
            <dict>
                <key>frame</key>
                <string>{{68,134},{64,64}}</string>
                <key>offset</key>
                <string>{0,0}</string>
                <key>rotated</key>
                <false/>
                <key>sourceColorRect</key>
                <string>{{0,0},{64,64}}</string>
                <key>sourceSize</key>
                <string>{64,64}</string>
            </dict>
            <key>blue angle.png</key>
            <dict>
                <key>frame</key>
                <string>{{134,134},{64,64}}</string>
                <key>offset</key>
                <string>{0,0}</string>
                <key>rotated</key>
                <false/>
                <key>sourceColorRect</key>
                <string>{{0,0},{64,64}}</string>
                <key>sourceSize</key>
                <string>{64,64}</string>
            </dict>
            <key>blue angle2.png</key>
            <dict>
                <key>frame</key>
                <string>{{200,134},{64,64}}</string>
                <key>offset</key>
                <string>{0,0}</string>
                <key>rotated</key>
                <false/>
                <key>sourceColorRect</key>
                <string>{{0,0},{64,64}}</string>
                <key>sourceSize</key>
                <string>{64,64}</string>
            </dict>
            <key>blue stairs.png</key>
            <dict>
                <key>frame</key>
                <string>{{266,134},{64,64}}</string>
                <key>offset</key>
                <string>{0,0}</string>
                <key>rotated</key>
                <false/>
                <key>sourceColorRect</key>
                <string>{{0,0},{64,64}}</string>
                <key>sourceSize</key>
                <string>{64,64}</string>
            </dict>
            <key>blue stairs2.png</key>
            <dict>
                <key>frame</key>
                <string>{{332,134},{64,64}}</string>
                <key>offset</key>
                <string>{0,0}</string>
                <key>rotated</key>
                <false/>
                <key>sourceColorRect</key>
                <string>{{0,0},{64,64}}</string>
                <key>sourceSize</key>
                <string>{64,64}</string>
            </dict>
            <key>cloud block 2.png</key>
            <dict>
                <key>frame</key>
                <string>{{398,134},{64,64}}</string>
                <key>offset</key>
                <string>{0,0}</string>
                <key>rotated</key>
                <false/>
                <key>sourceColorRect</key>
                <string>{{0,0},{64,64}}</string>
                <key>sourceSize</key>
                <string>{64,64}</string>
            </dict>
            <key>cloud block.png</key>
            <dict>
                <key>frame</key>
                <string>{{2,200},{64,64}}</string>
                <key>offset</key>
                <string>{0,0}</string>
                <key>rotated</key>
                <false/>
                <key>sourceColorRect</key>
                <string>{{0,0},{64,64}}</string>
                <key>sourceSize</key>
                <string>{64,64}</string>
            </dict>
            <key>green angle.png</key>
            <dict>
                <key>frame</key>
                <string>{{68,200},{64,64}}</string>
                <key>offset</key>
                <string>{0,0}</string>
                <key>rotated</key>
                <false/>
                <key>sourceColorRect</key>
                <string>{{0,0},{64,64}}</string>
                <key>sourceSize</key>
                <string>{64,64}</string>
            </dict>
            <key>green angle2.png</key>
            <dict>
                <key>frame</key>
                <string>{{134,200},{64,64}}</string>
                <key>offset</key>
                <string>{0,0}</string>
                <key>rotated</key>
                <false/>
                <key>sourceColorRect</key>
                <string>{{0,0},{64,64}}</string>
                <key>sourceSize</key>
                <string>{64,64}</string>
            </dict>
            <key>green brick 2.png</key>
            <dict>
                <key>frame</key>
                <string>{{200,200},{64,64}}</string>
                <key>offset</key>
                <string>{0,0}</string>
                <key>rotated</key>
                <false/>
                <key>sourceColorRect</key>
                <string>{{0,0},{64,64}}</string>
                <key>sourceSize</key>
                <string>{64,64}</string>
            </dict>
            <key>green brick.png</key>
            <dict>
                <key>frame</key>
                <string>{{266,200},{64,64}}</string>
                <key>offset</key>
                <string>{0,0}</string>
                <key>rotated</key>
                <false/>
                <key>sourceColorRect</key>
                <string>{{0,0},{64,64}}</string>
                <key>sourceSize</key>
                <string>{64,64}</string>
            </dict>
            <key>green stairs.png</key>
            <dict>
                <key>frame</key>
                <string>{{332,200},{64,64}}</string>
                <key>offset</key>
                <string>{0,0}</string>
                <key>rotated</key>
                <false/>
                <key>sourceColorRect</key>
                <string>{{0,0},{64,64}}</string>
                <key>sourceSize</key>
                <string>{64,64}</string>
            </dict>
            <key>green stairs2.png</key>
            <dict>
                <key>frame</key>
                <string>{{398,200},{64,64}}</string>
                <key>offset</key>
                <string>{0,0}</string>
                <key>rotated</key>
                <false/>
                <key>sourceColorRect</key>
                <string>{{0,0},{64,64}}</string>
                <key>sourceSize</key>
                <string>{64,64}</string>
            </dict>
            <key>plant block 2.png</key>
            <dict>
                <key>frame</key>
                <string>{{2,266},{64,64}}</string>
                <key>offset</key>
                <string>{0,0}</string>
                <key>rotated</key>
                <false/>
                <key>sourceColorRect</key>
                <string>{{0,0},{64,64}}</string>
                <key>sourceSize</key>
                <string>{64,64}</string>
            </dict>
            <key>plant block.png</key>
            <dict>
                <key>frame</key>
                <string>{{68,266},{64,64}}</string>
                <key>offset</key>
                <string>{0,0}</string>
                <key>rotated</key>
                <false/>
                <key>sourceColorRect</key>
                <string>{{0,0},{64,64}}</string>
                <key>sourceSize</key>
                <string>{64,64}</string>
            </dict>
            <key>raincloud block 2.png</key>
            <dict>
                <key>frame</key>
                <string>{{134,266},{64,64}}</string>
                <key>offset</key>
                <string>{0,0}</string>
                <key>rotated</key>
                <false/>
                <key>sourceColorRect</key>
                <string>{{0,0},{64,64}}</string>
                <key>sourceSize</key>
                <string>{64,64}</string>
            </dict>
            <key>raincloud block.png</key>
            <dict>
                <key>frame</key>
                <string>{{200,266},{64,64}}</string>
                <key>offset</key>
                <string>{0,0}</string>
                <key>rotated</key>
                <false/>
                <key>sourceColorRect</key>
                <string>{{0,0},{64,64}}</string>
                <key>sourceSize</key>
                <string>{64,64}</string>
            </dict>
            <key>red angle.png</key>
            <dict>
                <key>frame</key>
                <string>{{266,266},{64,64}}</string>
                <key>offset</key>
                <string>{0,0}</string>
                <key>rotated</key>
                <false/>
                <key>sourceColorRect</key>
                <string>{{0,0},{64,64}}</string>
                <key>sourceSize</key>
                <string>{64,64}</string>
            </dict>
            <key>red angle2.png</key>
            <dict>
                <key>frame</key>
                <string>{{332,266},{64,64}}</string>
                <key>offset</key>
                <string>{0,0}</string>
                <key>rotated</key>
                <false/>
                <key>sourceColorRect</key>
                <string>{{0,0},{64,64}}</string>
                <key>sourceSize</key>
                <string>{64,64}</string>
            </dict>
            <key>red brick.png</key>
            <dict>
                <key>frame</key>
                <string>{{398,266},{64,64}}</string>
                <key>offset</key>
                <string>{0,0}</string>
                <key>rotated</key>
                <false/>
                <key>sourceColorRect</key>
                <string>{{0,0},{64,64}}</string>
                <key>sourceSize</key>
                <string>{64,64}</string>
            </dict>
            <key>red stairs.png</key>
            <dict>
                <key>frame</key>
                <string>{{2,332},{64,64}}</string>
                <key>offset</key>
                <string>{0,0}</string>
                <key>rotated</key>
                <false/>
                <key>sourceColorRect</key>
                <string>{{0,0},{64,64}}</string>
                <key>sourceSize</key>
                <string>{64,64}</string>
            </dict>
            <key>red stairs2.png</key>
            <dict>
                <key>frame</key>
                <string>{{68,332},{64,64}}</string>
                <key>offset</key>
                <string>{0,0}</string>
                <key>rotated</key>
                <false/>
                <key>sourceColorRect</key>
                <string>{{0,0},{64,64}}</string>
                <key>sourceSize</key>
                <string>{64,64}</string>
            </dict>
            <key>sand brick.png</key>
            <dict>
                <key>frame</key>
                <string>{{134,332},{64,64}}</string>
                <key>offset</key>
                <string>{0,0}</string>
                <key>rotated</key>
                <false/>
                <key>sourceColorRect</key>
                <string>{{0,0},{64,64}}</string>
                <key>sourceSize</key>
                <string>{64,64}</string>
            </dict>
            <key>tombstone.png</key>
            <dict>
                <key>frame</key>
                <string>{{200,332},{64,64}}</string>
                <key>offset</key>
                <string>{0,0}</string>
                <key>rotated</key>
                <false/>
                <key>sourceColorRect</key>
                <string>{{0,0},{64,64}}</string>
                <key>sourceSize</key>
                <string>{64,64}</string>
            </dict>
            <key>tombstone1.png</key>
            <dict>
                <key>frame</key>
                <string>{{266,332},{64,64}}</string>
                <key>offset</key>
                <string>{0,0}</string>
                <key>rotated</key>
                <false/>
                <key>sourceColorRect</key>
                <string>{{0,0},{64,64}}</string>
                <key>sourceSize</key>
                <string>{64,64}</string>
            </dict>
            <key>tombstone2.png</key>
            <dict>
                <key>frame</key>
                <string>{{332,332},{64,64}}</string>
                <key>offset</key>
                <string>{0,0}</string>
                <key>rotated</key>
                <false/>
                <key>sourceColorRect</key>
                <string>{{0,0},{64,64}}</string>
                <key>sourceSize</key>
                <string>{64,64}</string>
            </dict>
            <key>tombstone3.png</key>
            <dict>
                <key>frame</key>
                <string>{{398,332},{64,64}}</string>
                <key>offset</key>
                <string>{0,0}</string>
                <key>rotated</key>
                <false/>
                <key>sourceColorRect</key>
                <string>{{0,0},{64,64}}</string>
                <key>sourceSize</key>
                <string>{64,64}</string>
            </dict>
            <key>tombstone4.png</key>
            <dict>
                <key>frame</key>
                <string>{{2,398},{64,64}}</string>
                <key>offset</key>
                <string>{0,0}</string>
                <key>rotated</key>
                <false/>
                <key>sourceColorRect</key>
                <string>{{0,0},{64,64}}</string>
                <key>sourceSize</key>
                <string>{64,64}</string>
            </dict>
            <key>tombstone5.png</key>
            <dict>
                <key>frame</key>
                <string>{{68,398},{64,64}}</string>
                <key>offset</key>
                <string>{0,0}</string>
                <key>rotated</key>
                <false/>
                <key>sourceColorRect</key>
                <string>{{0,0},{64,64}}</string>
                <key>sourceSize</key>
                <string>{64,64}</string>
            </dict>
            <key>water brick.png</key>
            <dict>
                <key>frame</key>
                <string>{{134,398},{64,64}}</string>
                <key>offset</key>
                <string>{0,0}</string>
                <key>rotated</key>
                <false/>
                <key>sourceColorRect</key>
                <string>{{0,0},{64,64}}</string>
                <key>sourceSize</key>
                <string>{64,64}</string>
            </dict>
            <key>yellow angle.png</key>
            <dict>
                <key>frame</key>
                <string>{{200,398},{64,64}}</string>
                <key>offset</key>
                <string>{0,0}</string>
                <key>rotated</key>
                <false/>
                <key>sourceColorRect</key>
                <string>{{0,0},{64,64}}</string>
                <key>sourceSize</key>
                <string>{64,64}</string>
            </dict>
            <key>yellow angle2.png</key>
            <dict>
                <key>frame</key>
                <string>{{266,398},{64,64}}</string>
                <key>offset</key>
                <string>{0,0}</string>
                <key>rotated</key>
                <false/>
                <key>sourceColorRect</key>
                <string>{{0,0},{64,64}}</string>
                <key>sourceSize</key>
                <string>{64,64}</string>
            </dict>
            <key>yellow stairs.png</key>
            <dict>
                <key>frame</key>
                <string>{{332,398},{64,64}}</string>
                <key>offset</key>
                <string>{0,0}</string>
                <key>rotated</key>
                <false/>
                <key>sourceColorRect</key>
                <string>{{0,0},{64,64}}</string>
                <key>sourceSize</key>
                <string>{64,64}</string>
            </dict>
            <key>yellow stairs2.png</key>
            <dict>
                <key>frame</key>
                <string>{{398,398},{64,64}}</string>
                <key>offset</key>
                <string>{0,0}</string>
                <key>rotated</key>
                <false/>
                <key>sourceColorRect</key>
                <string>{{0,0},{64,64}}</string>
                <key>sourceSize</key>
                <string>{64,64}</string>
            </dict>
        </dict>
        <key>metadata</key>
        <dict>
            <key>format</key>
            <integer>2</integer>
            <key>realTextureFileName</key>
            <string>blocks.png</string>
            <key>size</key>
            <string>{512,512}</string>
            <key>smartupdate</key>
            <string>$TexturePacker:SmartUpdate:400cb706fb26112b407df228d25359f7:1/1$</string>
            <key>textureFileName</key>
            <string>blocks.png</string>
        </dict>
    </dict>
</plist>
