<?xml version="1.0" encoding="UTF-8"?>
<!DOCTYPE plist PUBLIC "-//Apple Computer//DTD PLIST 1.0//EN" "http://www.apple.com/DTDs/PropertyList-1.0.dtd">
<plist version="1.0">
    <dict>
        <key>frames</key>
        <dict>
            <key>NattyRunLeft2.png</key>
            <dict>
                <key>frame</key>
                <string>{{2,2},{30,30}}</string>
                <key>offset</key>
                <string>{0,0}</string>
                <key>rotated</key>
                <false/>
                <key>sourceColorRect</key>
                <string>{{0,0},{30,30}}</string>
                <key>sourceSize</key>
                <string>{30,30}</string>
            </dict>
            <key>NattyRunRight1 - Copy.png</key>
            <dict>
                <key>frame</key>
                <string>{{34,2},{30,30}}</string>
                <key>offset</key>
                <string>{0,0}</string>
                <key>rotated</key>
                <false/>
                <key>sourceColorRect</key>
                <string>{{0,0},{30,30}}</string>
                <key>sourceSize</key>
                <string>{30,30}</string>
            </dict>
            <key>NattyRunRight1.png</key>
            <dict>
                <key>frame</key>
                <string>{{66,2},{30,30}}</string>
                <key>offset</key>
                <string>{0,0}</string>
                <key>rotated</key>
                <false/>
                <key>sourceColorRect</key>
                <string>{{0,0},{30,30}}</string>
                <key>sourceSize</key>
                <string>{30,30}</string>
            </dict>
            <key>NattyRunRight2.png</key>
            <dict>
                <key>frame</key>
                <string>{{2,34},{30,30}}</string>
                <key>offset</key>
                <string>{0,0}</string>
                <key>rotated</key>
                <false/>
                <key>sourceColorRect</key>
                <string>{{0,0},{30,30}}</string>
                <key>sourceSize</key>
                <string>{30,30}</string>
            </dict>
            <key>NattyStandLeft.png</key>
            <dict>
                <key>frame</key>
                <string>{{34,34},{30,30}}</string>
                <key>offset</key>
                <string>{0,0}</string>
                <key>rotated</key>
                <false/>
                <key>sourceColorRect</key>
                <string>{{0,0},{30,30}}</string>
                <key>sourceSize</key>
                <string>{30,30}</string>
            </dict>
            <key>NattyStandRight.png</key>
            <dict>
                <key>frame</key>
                <string>{{66,34},{30,30}}</string>
                <key>offset</key>
                <string>{0,0}</string>
                <key>rotated</key>
                <false/>
                <key>sourceColorRect</key>
                <string>{{0,0},{30,30}}</string>
                <key>sourceSize</key>
                <string>{30,30}</string>
            </dict>
        </dict>
        <key>metadata</key>
        <dict>
            <key>format</key>
            <integer>2</integer>
            <key>realTextureFileName</key>
            <string>NattyBohBoy.png</string>
            <key>size</key>
            <string>{128,128}</string>
            <key>smartupdate</key>
            <string>$TexturePacker:SmartUpdate:98a9920e1b451ebf36f2ccb65641519a:1/1$</string>
            <key>textureFileName</key>
            <string>NattyBohBoy.png</string>
        </dict>
    </dict>
</plist>
