<?xml version="1.0" encoding="UTF-8"?>
<!DOCTYPE plist PUBLIC "-//Apple Computer//DTD PLIST 1.0//EN" "http://www.apple.com/DTDs/PropertyList-1.0.dtd">
<plist version="1.0">
    <dict>
        <key>frames</key>
        <dict>
            <key>beer sprite 0.png</key>
            <dict>
                <key>frame</key>
                <string>{{2,2},{30,30}}</string>
                <key>offset</key>
                <string>{0,0}</string>
                <key>rotated</key>
                <false/>
                <key>sourceColorRect</key>
                <string>{{0,0},{30,30}}</string>
                <key>sourceSize</key>
                <string>{30,30}</string>
            </dict>
            <key>beer sprite 1.png</key>
            <dict>
                <key>frame</key>
                <string>{{34,2},{30,30}}</string>
                <key>offset</key>
                <string>{0,0}</string>
                <key>rotated</key>
                <false/>
                <key>sourceColorRect</key>
                <string>{{0,0},{30,30}}</string>
                <key>sourceSize</key>
                <string>{30,30}</string>
            </dict>
            <key>beer sprite 2.png</key>
            <dict>
                <key>frame</key>
                <string>{{66,2},{30,30}}</string>
                <key>offset</key>
                <string>{0,0}</string>
                <key>rotated</key>
                <false/>
                <key>sourceColorRect</key>
                <string>{{0,0},{30,30}}</string>
                <key>sourceSize</key>
                <string>{30,30}</string>
            </dict>
            <key>beer sprite 3.png</key>
            <dict>
                <key>frame</key>
                <string>{{2,34},{30,30}}</string>
                <key>offset</key>
                <string>{0,0}</string>
                <key>rotated</key>
                <false/>
                <key>sourceColorRect</key>
                <string>{{0,0},{30,30}}</string>
                <key>sourceSize</key>
                <string>{30,30}</string>
            </dict>
            <key>beer sprite 4.png</key>
            <dict>
                <key>frame</key>
                <string>{{34,34},{30,30}}</string>
                <key>offset</key>
                <string>{0,0}</string>
                <key>rotated</key>
                <false/>
                <key>sourceColorRect</key>
                <string>{{0,0},{30,30}}</string>
                <key>sourceSize</key>
                <string>{30,30}</string>
            </dict>
            <key>beer sprite 40.png</key>
            <dict>
                <key>frame</key>
                <string>{{66,34},{30,30}}</string>
                <key>offset</key>
                <string>{0,0}</string>
                <key>rotated</key>
                <false/>
                <key>sourceColorRect</key>
                <string>{{0,0},{30,30}}</string>
                <key>sourceSize</key>
                <string>{30,30}</string>
            </dict>
            <key>beer sprite 5.png</key>
            <dict>
                <key>frame</key>
                <string>{{2,66},{30,30}}</string>
                <key>offset</key>
                <string>{0,0}</string>
                <key>rotated</key>
                <false/>
                <key>sourceColorRect</key>
                <string>{{0,0},{30,30}}</string>
                <key>sourceSize</key>
                <string>{30,30}</string>
            </dict>
        </dict>
        <key>metadata</key>
        <dict>
            <key>format</key>
            <integer>2</integer>
            <key>realTextureFileName</key>
            <string>beer.png</string>
            <key>size</key>
            <string>{128,128}</string>
            <key>smartupdate</key>
            <string>$TexturePacker:SmartUpdate:8cd5503be69386d204600a1615adcda4:1/1$</string>
            <key>textureFileName</key>
            <string>beer.png</string>
        </dict>
    </dict>
</plist>
