<?xml version="1.0" encoding="UTF-8"?>
<!DOCTYPE plist PUBLIC "-//Apple Computer//DTD PLIST 1.0//EN" "http://www.apple.com/DTDs/PropertyList-1.0.dtd">
<plist version="1.0">
    <dict>
        <key>frames</key>
        <dict>
            <key>bread.png</key>
            <dict>
                <key>frame</key>
                <string>{{2,2},{521,479}}</string>
                <key>offset</key>
                <string>{0,0}</string>
                <key>rotated</key>
                <false/>
                <key>sourceColorRect</key>
                <string>{{0,0},{521,479}}</string>
                <key>sourceSize</key>
                <string>{521,479}</string>
            </dict>
            <key>nachos.png</key>
            <dict>
                <key>frame</key>
                <string>{{525,2},{300,269}}</string>
                <key>offset</key>
                <string>{0,0}</string>
                <key>rotated</key>
                <false/>
                <key>sourceColorRect</key>
                <string>{{0,0},{300,269}}</string>
                <key>sourceSize</key>
                <string>{300,269}</string>
            </dict>
            <key>pizza.png</key>
            <dict>
                <key>frame</key>
                <string>{{2,483},{455,467}}</string>
                <key>offset</key>
                <string>{0,0}</string>
                <key>rotated</key>
                <false/>
                <key>sourceColorRect</key>
                <string>{{0,0},{455,467}}</string>
                <key>sourceSize</key>
                <string>{455,467}</string>
            </dict>
            <key>water.png</key>
            <dict>
                <key>frame</key>
                <string>{{459,483},{300,500}}</string>
                <key>offset</key>
                <string>{0,0}</string>
                <key>rotated</key>
                <false/>
                <key>sourceColorRect</key>
                <string>{{0,0},{300,500}}</string>
                <key>sourceSize</key>
                <string>{300,500}</string>
            </dict>
        </dict>
        <key>metadata</key>
        <dict>
            <key>format</key>
            <integer>2</integer>
            <key>realTextureFileName</key>
            <string>food.png</string>
            <key>size</key>
            <string>{1024,1024}</string>
            <key>smartupdate</key>
            <string>$TexturePacker:SmartUpdate:749e2b2962a7901347f04b6bfca5ac6f:1/1$</string>
            <key>textureFileName</key>
            <string>food.png</string>
        </dict>
    </dict>
</plist>
