<?xml version="1.0" encoding="UTF-8"?>
<!DOCTYPE plist PUBLIC "-//Apple Computer//DTD PLIST 1.0//EN" "http://www.apple.com/DTDs/PropertyList-1.0.dtd">
<plist version="1.0">
    <dict>
        <key>frames</key>
        <dict>
            <key>DirtBlock.png</key>
            <dict>
                <key>frame</key>
                <string>{{2,2},{100,100}}</string>
                <key>offset</key>
                <string>{0,0}</string>
                <key>rotated</key>
                <false/>
                <key>sourceColorRect</key>
                <string>{{0,0},{100,100}}</string>
                <key>sourceSize</key>
                <string>{100,100}</string>
            </dict>
            <key>GrassBlock.png</key>
            <dict>
                <key>frame</key>
                <string>{{104,2},{100,100}}</string>
                <key>offset</key>
                <string>{0,0}</string>
                <key>rotated</key>
                <false/>
                <key>sourceColorRect</key>
                <string>{{0,0},{100,100}}</string>
                <key>sourceSize</key>
                <string>{100,100}</string>
            </dict>
            <key>GrassBlockUpLeft.png</key>
            <dict>
                <key>frame</key>
                <string>{{2,104},{100,100}}</string>
                <key>offset</key>
                <string>{0,0}</string>
                <key>rotated</key>
                <false/>
                <key>sourceColorRect</key>
                <string>{{0,0},{100,100}}</string>
                <key>sourceSize</key>
                <string>{100,100}</string>
            </dict>
            <key>Street.png</key>
            <dict>
                <key>frame</key>
                <string>{{104,104},{100,100}}</string>
                <key>offset</key>
                <string>{0,0}</string>
                <key>rotated</key>
                <false/>
                <key>sourceColorRect</key>
                <string>{{0,0},{100,100}}</string>
                <key>sourceSize</key>
                <string>{100,100}</string>
            </dict>
        </dict>
        <key>metadata</key>
        <dict>
            <key>format</key>
            <integer>2</integer>
            <key>realTextureFileName</key>
            <string>GrassBlocks.png</string>
            <key>size</key>
            <string>{256,256}</string>
            <key>smartupdate</key>
            <string>$TexturePacker:SmartUpdate:6fe6a768e2e459f47014aece1b9693d0:1/1$</string>
            <key>textureFileName</key>
            <string>GrassBlocks.png</string>
        </dict>
    </dict>
</plist>
