<?xml version="1.0" encoding="UTF-8"?>
<!DOCTYPE plist PUBLIC "-//Apple Computer//DTD PLIST 1.0//EN" "http://www.apple.com/DTDs/PropertyList-1.0.dtd">
<plist version="1.0">
    <dict>
        <key>frames</key>
        <dict>
            <key>HipsterLeftFrame1.png</key>
            <dict>
                <key>frame</key>
                <string>{{2,2},{156,292}}</string>
                <key>offset</key>
                <string>{0,0}</string>
                <key>rotated</key>
                <false/>
                <key>sourceColorRect</key>
                <string>{{0,0},{156,292}}</string>
                <key>sourceSize</key>
                <string>{156,292}</string>
            </dict>
            <key>HipsterLeftFrame2.png</key>
            <dict>
                <key>frame</key>
                <string>{{160,2},{176,290}}</string>
                <key>offset</key>
                <string>{0,0}</string>
                <key>rotated</key>
                <false/>
                <key>sourceColorRect</key>
                <string>{{0,0},{176,290}}</string>
                <key>sourceSize</key>
                <string>{176,290}</string>
            </dict>
            <key>HipsterLeftFrame3.png</key>
            <dict>
                <key>frame</key>
                <string>{{338,2},{91,290}}</string>
                <key>offset</key>
                <string>{0,0}</string>
                <key>rotated</key>
                <false/>
                <key>sourceColorRect</key>
                <string>{{0,0},{91,290}}</string>
                <key>sourceSize</key>
                <string>{91,290}</string>
            </dict>
            <key>HipsterLeftFrame4.png</key>
            <dict>
                <key>frame</key>
                <string>{{431,2},{156,294}}</string>
                <key>offset</key>
                <string>{0,0}</string>
                <key>rotated</key>
                <false/>
                <key>sourceColorRect</key>
                <string>{{0,0},{156,294}}</string>
                <key>sourceSize</key>
                <string>{156,294}</string>
            </dict>
            <key>HipsterLeftFrame5.png</key>
            <dict>
                <key>frame</key>
                <string>{{589,2},{156,289}}</string>
                <key>offset</key>
                <string>{0,0}</string>
                <key>rotated</key>
                <false/>
                <key>sourceColorRect</key>
                <string>{{0,0},{156,289}}</string>
                <key>sourceSize</key>
                <string>{156,289}</string>
            </dict>
            <key>HipsterLeftFrame6.png</key>
            <dict>
                <key>frame</key>
                <string>{{747,2},{150,292}}</string>
                <key>offset</key>
                <string>{0,0}</string>
                <key>rotated</key>
                <false/>
                <key>sourceColorRect</key>
                <string>{{0,0},{150,292}}</string>
                <key>sourceSize</key>
                <string>{150,292}</string>
            </dict>
            <key>HipsterLeftFrame7.png</key>
            <dict>
                <key>frame</key>
                <string>{{899,2},{91,290}}</string>
                <key>offset</key>
                <string>{0,0}</string>
                <key>rotated</key>
                <false/>
                <key>sourceColorRect</key>
                <string>{{0,0},{91,290}}</string>
                <key>sourceSize</key>
                <string>{91,290}</string>
            </dict>
            <key>HipsterLeftFrame8.png</key>
            <dict>
                <key>frame</key>
                <string>{{2,298},{149,296}}</string>
                <key>offset</key>
                <string>{0,0}</string>
                <key>rotated</key>
                <false/>
                <key>sourceColorRect</key>
                <string>{{0,0},{149,296}}</string>
                <key>sourceSize</key>
                <string>{149,296}</string>
            </dict>
            <key>HipsterRightFrame1.png</key>
            <dict>
                <key>frame</key>
                <string>{{153,298},{156,292}}</string>
                <key>offset</key>
                <string>{0,0}</string>
                <key>rotated</key>
                <false/>
                <key>sourceColorRect</key>
                <string>{{0,0},{156,292}}</string>
                <key>sourceSize</key>
                <string>{156,292}</string>
            </dict>
            <key>HipsterRightFrame2.png</key>
            <dict>
                <key>frame</key>
                <string>{{311,298},{176,290}}</string>
                <key>offset</key>
                <string>{0,0}</string>
                <key>rotated</key>
                <false/>
                <key>sourceColorRect</key>
                <string>{{0,0},{176,290}}</string>
                <key>sourceSize</key>
                <string>{176,290}</string>
            </dict>
            <key>HipsterRightFrame3.png</key>
            <dict>
                <key>frame</key>
                <string>{{489,298},{91,290}}</string>
                <key>offset</key>
                <string>{0,0}</string>
                <key>rotated</key>
                <false/>
                <key>sourceColorRect</key>
                <string>{{0,0},{91,290}}</string>
                <key>sourceSize</key>
                <string>{91,290}</string>
            </dict>
            <key>HipsterRightFrame4.png</key>
            <dict>
                <key>frame</key>
                <string>{{582,298},{156,294}}</string>
                <key>offset</key>
                <string>{0,0}</string>
                <key>rotated</key>
                <false/>
                <key>sourceColorRect</key>
                <string>{{0,0},{156,294}}</string>
                <key>sourceSize</key>
                <string>{156,294}</string>
            </dict>
            <key>HipsterRightFrame5.png</key>
            <dict>
                <key>frame</key>
                <string>{{740,298},{156,289}}</string>
                <key>offset</key>
                <string>{0,0}</string>
                <key>rotated</key>
                <false/>
                <key>sourceColorRect</key>
                <string>{{0,0},{156,289}}</string>
                <key>sourceSize</key>
                <string>{156,289}</string>
            </dict>
            <key>HipsterRightFrame6.png</key>
            <dict>
                <key>frame</key>
                <string>{{2,596},{150,292}}</string>
                <key>offset</key>
                <string>{0,0}</string>
                <key>rotated</key>
                <false/>
                <key>sourceColorRect</key>
                <string>{{0,0},{150,292}}</string>
                <key>sourceSize</key>
                <string>{150,292}</string>
            </dict>
            <key>HipsterRightFrame7.png</key>
            <dict>
                <key>frame</key>
                <string>{{154,596},{91,290}}</string>
                <key>offset</key>
                <string>{0,0}</string>
                <key>rotated</key>
                <false/>
                <key>sourceColorRect</key>
                <string>{{0,0},{91,290}}</string>
                <key>sourceSize</key>
                <string>{91,290}</string>
            </dict>
            <key>HipsterRightFrame8.png</key>
            <dict>
                <key>frame</key>
                <string>{{247,596},{149,296}}</string>
                <key>offset</key>
                <string>{0,0}</string>
                <key>rotated</key>
                <false/>
                <key>sourceColorRect</key>
                <string>{{0,0},{149,296}}</string>
                <key>sourceSize</key>
                <string>{149,296}</string>
            </dict>
        </dict>
        <key>metadata</key>
        <dict>
            <key>format</key>
            <integer>2</integer>
            <key>realTextureFileName</key>
            <string>HipsterRA.png</string>
            <key>size</key>
            <string>{1024,1024}</string>
            <key>smartupdate</key>
            <string>$TexturePacker:SmartUpdate:3e7755fbe96dc9d0bf99bf908c139c5e:1/1$</string>
            <key>textureFileName</key>
            <string>HipsterRA.png</string>
        </dict>
    </dict>
</plist>
