<?xml version="1.0" encoding="UTF-8"?>
<!DOCTYPE plist PUBLIC "-//Apple Computer//DTD PLIST 1.0//EN" "http://www.apple.com/DTDs/PropertyList-1.0.dtd">
<plist version="1.0">
    <dict>
        <key>frames</key>
        <dict>
            <key>Rframe-000003(1).png</key>
            <dict>
                <key>frame</key>
                <string>{{2,2},{362,729}}</string>
                <key>offset</key>
                <string>{0,0}</string>
                <key>rotated</key>
                <false/>
                <key>sourceColorRect</key>
                <string>{{0,0},{362,729}}</string>
                <key>sourceSize</key>
                <string>{362,729}</string>
            </dict>
            <key>Rframe-000004(1).png</key>
            <dict>
                <key>frame</key>
                <string>{{366,2},{337,752}}</string>
                <key>offset</key>
                <string>{0,0}</string>
                <key>rotated</key>
                <false/>
                <key>sourceColorRect</key>
                <string>{{0,0},{337,752}}</string>
                <key>sourceSize</key>
                <string>{337,752}</string>
            </dict>
            <key>Rframe-000005(1).png</key>
            <dict>
                <key>frame</key>
                <string>{{705,2},{376,754}}</string>
                <key>offset</key>
                <string>{0,0}</string>
                <key>rotated</key>
                <false/>
                <key>sourceColorRect</key>
                <string>{{0,0},{376,754}}</string>
                <key>sourceSize</key>
                <string>{376,754}</string>
            </dict>
            <key>Rframe-000006(1).png</key>
            <dict>
                <key>frame</key>
                <string>{{1083,2},{423,728}}</string>
                <key>offset</key>
                <string>{0,0}</string>
                <key>rotated</key>
                <false/>
                <key>sourceColorRect</key>
                <string>{{0,0},{423,728}}</string>
                <key>sourceSize</key>
                <string>{423,728}</string>
            </dict>
            <key>Rframe-000007(1).png</key>
            <dict>
                <key>frame</key>
                <string>{{1508,2},{473,674}}</string>
                <key>offset</key>
                <string>{0,0}</string>
                <key>rotated</key>
                <false/>
                <key>sourceColorRect</key>
                <string>{{0,0},{473,674}}</string>
                <key>sourceSize</key>
                <string>{473,674}</string>
            </dict>
            <key>Rframe-000008(1).png</key>
            <dict>
                <key>frame</key>
                <string>{{1983,2},{538,616}}</string>
                <key>offset</key>
                <string>{0,0}</string>
                <key>rotated</key>
                <false/>
                <key>sourceColorRect</key>
                <string>{{0,0},{538,616}}</string>
                <key>sourceSize</key>
                <string>{538,616}</string>
            </dict>
            <key>Rframe-000009(1).png</key>
            <dict>
                <key>frame</key>
                <string>{{2523,2},{575,568}}</string>
                <key>offset</key>
                <string>{0,0}</string>
                <key>rotated</key>
                <false/>
                <key>sourceColorRect</key>
                <string>{{0,0},{575,568}}</string>
                <key>sourceSize</key>
                <string>{575,568}</string>
            </dict>
            <key>Rframe-000010(1).png</key>
            <dict>
                <key>frame</key>
                <string>{{3100,2},{541,616}}</string>
                <key>offset</key>
                <string>{0,0}</string>
                <key>rotated</key>
                <false/>
                <key>sourceColorRect</key>
                <string>{{0,0},{541,616}}</string>
                <key>sourceSize</key>
                <string>{541,616}</string>
            </dict>
            <key>Rframe-000011(1).png</key>
            <dict>
                <key>frame</key>
                <string>{{3643,2},{481,665}}</string>
                <key>offset</key>
                <string>{0,0}</string>
                <key>rotated</key>
                <false/>
                <key>sourceColorRect</key>
                <string>{{0,0},{481,665}}</string>
                <key>sourceSize</key>
                <string>{481,665}</string>
            </dict>
            <key>Rframe-000012(1).png</key>
            <dict>
                <key>frame</key>
                <string>{{4126,2},{436,716}}</string>
                <key>offset</key>
                <string>{0,0}</string>
                <key>rotated</key>
                <false/>
                <key>sourceColorRect</key>
                <string>{{0,0},{436,716}}</string>
                <key>sourceSize</key>
                <string>{436,716}</string>
            </dict>
            <key>Rframe-000013(1).png</key>
            <dict>
                <key>frame</key>
                <string>{{4564,2},{376,746}}</string>
                <key>offset</key>
                <string>{0,0}</string>
                <key>rotated</key>
                <false/>
                <key>sourceColorRect</key>
                <string>{{0,0},{376,746}}</string>
                <key>sourceSize</key>
                <string>{376,746}</string>
            </dict>
            <key>Rframe-000014(1).png</key>
            <dict>
                <key>frame</key>
                <string>{{4942,2},{337,755}}</string>
                <key>offset</key>
                <string>{0,0}</string>
                <key>rotated</key>
                <false/>
                <key>sourceColorRect</key>
                <string>{{0,0},{337,755}}</string>
                <key>sourceSize</key>
                <string>{337,755}</string>
            </dict>
            <key>Rframe-000015(1).png</key>
            <dict>
                <key>frame</key>
                <string>{{5281,2},{354,746}}</string>
                <key>offset</key>
                <string>{0,0}</string>
                <key>rotated</key>
                <false/>
                <key>sourceColorRect</key>
                <string>{{0,0},{354,746}}</string>
                <key>sourceSize</key>
                <string>{354,746}</string>
            </dict>
            <key>Rframe-000016(1).png</key>
            <dict>
                <key>frame</key>
                <string>{{5637,2},{371,715}}</string>
                <key>offset</key>
                <string>{0,0}</string>
                <key>rotated</key>
                <false/>
                <key>sourceColorRect</key>
                <string>{{0,0},{371,715}}</string>
                <key>sourceSize</key>
                <string>{371,715}</string>
            </dict>
            <key>Rframe-000017(1).png</key>
            <dict>
                <key>frame</key>
                <string>{{6010,2},{471,662}}</string>
                <key>offset</key>
                <string>{0,0}</string>
                <key>rotated</key>
                <false/>
                <key>sourceColorRect</key>
                <string>{{0,0},{471,662}}</string>
                <key>sourceSize</key>
                <string>{471,662}</string>
            </dict>
            <key>Rframe-000018(1).png</key>
            <dict>
                <key>frame</key>
                <string>{{6483,2},{548,594}}</string>
                <key>offset</key>
                <string>{0,0}</string>
                <key>rotated</key>
                <false/>
                <key>sourceColorRect</key>
                <string>{{0,0},{548,594}}</string>
                <key>sourceSize</key>
                <string>{548,594}</string>
            </dict>
            <key>Rframe-000019(1).png</key>
            <dict>
                <key>frame</key>
                <string>{{7033,2},{471,662}}</string>
                <key>offset</key>
                <string>{0,0}</string>
                <key>rotated</key>
                <false/>
                <key>sourceColorRect</key>
                <string>{{0,0},{471,662}}</string>
                <key>sourceSize</key>
                <string>{471,662}</string>
            </dict>
            <key>Rframe-000020(1).png</key>
            <dict>
                <key>frame</key>
                <string>{{7506,2},{371,715}}</string>
                <key>offset</key>
                <string>{0,0}</string>
                <key>rotated</key>
                <false/>
                <key>sourceColorRect</key>
                <string>{{0,0},{371,715}}</string>
                <key>sourceSize</key>
                <string>{371,715}</string>
            </dict>
        </dict>
        <key>metadata</key>
        <dict>
            <key>format</key>
            <integer>2</integer>
            <key>realTextureFileName</key>
            <string>NattyStandPlusLeft.png</string>
            <key>size</key>
            <string>{7879,759}</string>
            <key>smartupdate</key>
            <string>$TexturePacker:SmartUpdate:84ac149c8ce131585e661509a34435c5:1/1$</string>
            <key>textureFileName</key>
            <string>NattyStandPlusLeft.png</string>
        </dict>
    </dict>
</plist>
