<?xml version="1.0" encoding="UTF-8"?>
<!DOCTYPE plist PUBLIC "-//Apple Computer//DTD PLIST 1.0//EN" "http://www.apple.com/DTDs/PropertyList-1.0.dtd">
<plist version="1.0">
    <dict>
        <key>frames</key>
        <dict>
            <key>Left SprayPose.png</key>
            <dict>
                <key>frame</key>
                <string>{{2,2},{432,340}}</string>
                <key>offset</key>
                <string>{0,0}</string>
                <key>rotated</key>
                <false/>
                <key>sourceColorRect</key>
                <string>{{0,0},{432,340}}</string>
                <key>sourceSize</key>
                <string>{432,340}</string>
            </dict>
            <key>Left Walk 1.png</key>
            <dict>
                <key>frame</key>
                <string>{{436,2},{400,340}}</string>
                <key>offset</key>
                <string>{0,0}</string>
                <key>rotated</key>
                <false/>
                <key>sourceColorRect</key>
                <string>{{0,0},{400,340}}</string>
                <key>sourceSize</key>
                <string>{400,340}</string>
            </dict>
            <key>Left Walk 2.png</key>
            <dict>
                <key>frame</key>
                <string>{{2,344},{400,340}}</string>
                <key>offset</key>
                <string>{0,0}</string>
                <key>rotated</key>
                <false/>
                <key>sourceColorRect</key>
                <string>{{0,0},{400,340}}</string>
                <key>sourceSize</key>
                <string>{400,340}</string>
            </dict>
            <key>Left Walk 3.png</key>
            <dict>
                <key>frame</key>
                <string>{{404,344},{400,340}}</string>
                <key>offset</key>
                <string>{0,0}</string>
                <key>rotated</key>
                <false/>
                <key>sourceColorRect</key>
                <string>{{0,0},{400,340}}</string>
                <key>sourceSize</key>
                <string>{400,340}</string>
            </dict>
            <key>Left Walk 4.png</key>
            <dict>
                <key>frame</key>
                <string>{{2,344},{400,340}}</string>
                <key>offset</key>
                <string>{0,0}</string>
                <key>rotated</key>
                <false/>
                <key>sourceColorRect</key>
                <string>{{0,0},{400,340}}</string>
                <key>sourceSize</key>
                <string>{400,340}</string>
            </dict>
            <key>Right Walk 1.png</key>
            <dict>
                <key>frame</key>
                <string>{{2,686},{400,340}}</string>
                <key>offset</key>
                <string>{0,0}</string>
                <key>rotated</key>
                <false/>
                <key>sourceColorRect</key>
                <string>{{0,0},{400,340}}</string>
                <key>sourceSize</key>
                <string>{400,340}</string>
            </dict>
            <key>Right Walk 2.png</key>
            <dict>
                <key>frame</key>
                <string>{{404,686},{400,340}}</string>
                <key>offset</key>
                <string>{0,0}</string>
                <key>rotated</key>
                <false/>
                <key>sourceColorRect</key>
                <string>{{0,0},{400,340}}</string>
                <key>sourceSize</key>
                <string>{400,340}</string>
            </dict>
            <key>Right Walk 3.png</key>
            <dict>
                <key>frame</key>
                <string>{{2,1028},{400,340}}</string>
                <key>offset</key>
                <string>{0,0}</string>
                <key>rotated</key>
                <false/>
                <key>sourceColorRect</key>
                <string>{{0,0},{400,340}}</string>
                <key>sourceSize</key>
                <string>{400,340}</string>
            </dict>
            <key>Right Walk 4.png</key>
            <dict>
                <key>frame</key>
                <string>{{404,686},{400,340}}</string>
                <key>offset</key>
                <string>{0,0}</string>
                <key>rotated</key>
                <false/>
                <key>sourceColorRect</key>
                <string>{{0,0},{400,340}}</string>
                <key>sourceSize</key>
                <string>{400,340}</string>
            </dict>
            <key>Rigtht SprayPose.png</key>
            <dict>
                <key>frame</key>
                <string>{{404,1028},{432,340}}</string>
                <key>offset</key>
                <string>{0,0}</string>
                <key>rotated</key>
                <false/>
                <key>sourceColorRect</key>
                <string>{{0,0},{432,340}}</string>
                <key>sourceSize</key>
                <string>{432,340}</string>
            </dict>
        </dict>
        <key>metadata</key>
        <dict>
            <key>format</key>
            <integer>2</integer>
            <key>realTextureFileName</key>
            <string>SkunkAnims.png</string>
            <key>size</key>
            <string>{1024,2048}</string>
            <key>smartupdate</key>
            <string>$TexturePacker:SmartUpdate:341a4895a8af1fe614b1cc077e372402:1/1$</string>
            <key>textureFileName</key>
            <string>SkunkAnims.png</string>
        </dict>
    </dict>
</plist>
