<?xml version="1.0" encoding="UTF-8"?>
<!DOCTYPE plist PUBLIC "-//Apple Computer//DTD PLIST 1.0//EN" "http://www.apple.com/DTDs/PropertyList-1.0.dtd">
<plist version="1.0">
    <dict>
        <key>frames</key>
        <dict>
            <key>TitleGimp2.png</key>
            <dict>
                <key>frame</key>
                <string>{{2,2},{600,200}}</string>
                <key>offset</key>
                <string>{0,0}</string>
                <key>rotated</key>
                <false/>
                <key>sourceColorRect</key>
                <string>{{0,0},{600,200}}</string>
                <key>sourceSize</key>
                <string>{600,200}</string>
            </dict>
        </dict>
        <key>metadata</key>
        <dict>
            <key>format</key>
            <integer>2</integer>
            <key>realTextureFileName</key>
            <string>TitleAtlas.png</string>
            <key>size</key>
            <string>{1024,256}</string>
            <key>smartupdate</key>
            <string>$TexturePacker:SmartUpdate:46a6b84aed1648f6ef7e8b0f04e94ae2:1/1$</string>
            <key>textureFileName</key>
            <string>TitleAtlas.png</string>
        </dict>
    </dict>
</plist>
