<?xml version="1.0" encoding="UTF-8"?>
<!DOCTYPE plist PUBLIC "-//Apple Computer//DTD PLIST 1.0//EN" "http://www.apple.com/DTDs/PropertyList-1.0.dtd">
<plist version="1.0">
    <dict>
        <key>frames</key>
        <dict>
            <key>painted-can-1.png</key>
            <dict>
                <key>frame</key>
                <string>{{2,2},{265,589}}</string>
                <key>offset</key>
                <string>{0,0}</string>
                <key>rotated</key>
                <false/>
                <key>sourceColorRect</key>
                <string>{{0,0},{265,589}}</string>
                <key>sourceSize</key>
                <string>{265,589}</string>
            </dict>
            <key>painted-can-2.png</key>
            <dict>
                <key>frame</key>
                <string>{{269,2},{265,589}}</string>
                <key>offset</key>
                <string>{0,0}</string>
                <key>rotated</key>
                <false/>
                <key>sourceColorRect</key>
                <string>{{0,0},{265,589}}</string>
                <key>sourceSize</key>
                <string>{265,589}</string>
            </dict>
            <key>painted-can-3.png</key>
            <dict>
                <key>frame</key>
                <string>{{536,2},{265,589}}</string>
                <key>offset</key>
                <string>{0,0}</string>
                <key>rotated</key>
                <false/>
                <key>sourceColorRect</key>
                <string>{{0,0},{265,589}}</string>
                <key>sourceSize</key>
                <string>{265,589}</string>
            </dict>
            <key>painted-can-4.png</key>
            <dict>
                <key>frame</key>
                <string>{{2,593},{265,589}}</string>
                <key>offset</key>
                <string>{0,0}</string>
                <key>rotated</key>
                <false/>
                <key>sourceColorRect</key>
                <string>{{0,0},{265,589}}</string>
                <key>sourceSize</key>
                <string>{265,589}</string>
            </dict>
        </dict>
        <key>metadata</key>
        <dict>
            <key>format</key>
            <integer>2</integer>
            <key>realTextureFileName</key>
            <string>beer2.png</string>
            <key>size</key>
            <string>{1024,2048}</string>
            <key>smartupdate</key>
            <string>$TexturePacker:SmartUpdate:2ade8a1d40e51af08fc94103b216cfba:1/1$</string>
            <key>textureFileName</key>
            <string>beer2.png</string>
        </dict>
    </dict>
</plist>
