<?xml version="1.0" encoding="UTF-8"?>
<!DOCTYPE plist PUBLIC "-//Apple Computer//DTD PLIST 1.0//EN" "http://www.apple.com/DTDs/PropertyList-1.0.dtd">
<plist version="1.0">
    <dict>
        <key>frames</key>
        <dict>
            <key>Brick5x1.png</key>
            <dict>
                <key>frame</key>
                <string>{{2,2},{100,500}}</string>
                <key>offset</key>
                <string>{0,0}</string>
                <key>rotated</key>
                <false/>
                <key>sourceColorRect</key>
                <string>{{0,0},{100,500}}</string>
                <key>sourceSize</key>
                <string>{100,500}</string>
            </dict>
            <key>BrickDirty.png</key>
            <dict>
                <key>frame</key>
                <string>{{104,2},{100,100}}</string>
                <key>offset</key>
                <string>{0,0}</string>
                <key>rotated</key>
                <false/>
                <key>sourceColorRect</key>
                <string>{{0,0},{100,100}}</string>
                <key>sourceSize</key>
                <string>{100,100}</string>
            </dict>
            <key>BrickDirty2x10.png</key>
            <dict>
                <key>frame</key>
                <string>{{2,504},{903,200}}</string>
                <key>offset</key>
                <string>{0,0}</string>
                <key>rotated</key>
                <false/>
                <key>sourceColorRect</key>
                <string>{{0,0},{903,200}}</string>
                <key>sourceSize</key>
                <string>{903,200}</string>
            </dict>
            <key>BrickHouseDemo.png</key>
            <dict>
                <key>frame</key>
                <string>{{206,2},{500,500}}</string>
                <key>offset</key>
                <string>{0,0}</string>
                <key>rotated</key>
                <false/>
                <key>sourceColorRect</key>
                <string>{{0,0},{500,500}}</string>
                <key>sourceSize</key>
                <string>{500,500}</string>
            </dict>
        </dict>
        <key>metadata</key>
        <dict>
            <key>format</key>
            <integer>2</integer>
            <key>realTextureFileName</key>
            <string>BrickDemo.png</string>
            <key>size</key>
            <string>{1024,1024}</string>
            <key>smartupdate</key>
            <string>$TexturePacker:SmartUpdate:372e4da6ad15b6e8f45b8d987d1f1f85:1/1$</string>
            <key>textureFileName</key>
            <string>BrickDemo.png</string>
        </dict>
    </dict>
</plist>
