<?xml version="1.0" encoding="UTF-8"?>
<!DOCTYPE plist PUBLIC "-//Apple Computer//DTD PLIST 1.0//EN" "http://www.apple.com/DTDs/PropertyList-1.0.dtd">
<plist version="1.0">
    <dict>
        <key>frames</key>
        <dict>
            <key>ps car.png</key>
            <dict>
                <key>frame</key>
                <string>{{2,2},{303,100}}</string>
                <key>offset</key>
                <string>{0,0}</string>
                <key>rotated</key>
                <false/>
                <key>sourceColorRect</key>
                <string>{{0,0},{303,100}}</string>
                <key>sourceSize</key>
                <string>{303,100}</string>
            </dict>
            <key>ps carRight.png</key>
            <dict>
                <key>frame</key>
                <string>{{2,104},{303,100}}</string>
                <key>offset</key>
                <string>{0,0}</string>
                <key>rotated</key>
                <false/>
                <key>sourceColorRect</key>
                <string>{{0,0},{303,100}}</string>
                <key>sourceSize</key>
                <string>{303,100}</string>
            </dict>
        </dict>
        <key>metadata</key>
        <dict>
            <key>format</key>
            <integer>2</integer>
            <key>realTextureFileName</key>
            <string>Car.png</string>
            <key>size</key>
            <string>{512,256}</string>
            <key>smartupdate</key>
            <string>$TexturePacker:SmartUpdate:1dc538b467d1e8e8de86cb87aec1512a:1/1$</string>
            <key>textureFileName</key>
            <string>Car.png</string>
        </dict>
    </dict>
</plist>
