<?xml version="1.0" encoding="UTF-8"?>
<!DOCTYPE plist PUBLIC "-//Apple Computer//DTD PLIST 1.0//EN" "http://www.apple.com/DTDs/PropertyList-1.0.dtd">
<plist version="1.0">
    <dict>
        <key>frames</key>
        <dict>
            <key>Boh Boy Stand Left.png</key>
            <dict>
                <key>frame</key>
                <string>{{2,2},{272,797}}</string>
                <key>offset</key>
                <string>{0,0}</string>
                <key>rotated</key>
                <false/>
                <key>sourceColorRect</key>
                <string>{{0,0},{272,797}}</string>
                <key>sourceSize</key>
                <string>{272,797}</string>
            </dict>
            <key>Boh Boy Stand Right.png</key>
            <dict>
                <key>frame</key>
                <string>{{276,2},{273,797}}</string>
                <key>offset</key>
                <string>{0,0}</string>
                <key>rotated</key>
                <false/>
                <key>sourceColorRect</key>
                <string>{{0,0},{273,797}}</string>
                <key>sourceSize</key>
                <string>{273,797}</string>
            </dict>
            <key>Boh Run Right A1.png</key>
            <dict>
                <key>frame</key>
                <string>{{551,2},{583,565}}</string>
                <key>offset</key>
                <string>{0,0}</string>
                <key>rotated</key>
                <false/>
                <key>sourceColorRect</key>
                <string>{{0,0},{583,565}}</string>
                <key>sourceSize</key>
                <string>{583,565}</string>
            </dict>
            <key>Boh Run Right A2.png</key>
            <dict>
                <key>frame</key>
                <string>{{1136,2},{536,606}}</string>
                <key>offset</key>
                <string>{0,0}</string>
                <key>rotated</key>
                <false/>
                <key>sourceColorRect</key>
                <string>{{0,0},{536,606}}</string>
                <key>sourceSize</key>
                <string>{536,606}</string>
            </dict>
            <key>Boh Run Right A3.png</key>
            <dict>
                <key>frame</key>
                <string>{{1674,2},{436,678}}</string>
                <key>offset</key>
                <string>{0,0}</string>
                <key>rotated</key>
                <false/>
                <key>sourceColorRect</key>
                <string>{{0,0},{436,678}}</string>
                <key>sourceSize</key>
                <string>{436,678}</string>
            </dict>
            <key>Boh Run Right A4.png</key>
            <dict>
                <key>frame</key>
                <string>{{2112,2},{362,729}}</string>
                <key>offset</key>
                <string>{0,0}</string>
                <key>rotated</key>
                <false/>
                <key>sourceColorRect</key>
                <string>{{0,0},{362,729}}</string>
                <key>sourceSize</key>
                <string>{362,729}</string>
            </dict>
            <key>Boh Run Right A5.png</key>
            <dict>
                <key>frame</key>
                <string>{{2476,2},{337,752}}</string>
                <key>offset</key>
                <string>{0,0}</string>
                <key>rotated</key>
                <false/>
                <key>sourceColorRect</key>
                <string>{{0,0},{337,752}}</string>
                <key>sourceSize</key>
                <string>{337,752}</string>
            </dict>
            <key>Boh Run Right A6.png</key>
            <dict>
                <key>frame</key>
                <string>{{2815,2},{376,754}}</string>
                <key>offset</key>
                <string>{0,0}</string>
                <key>rotated</key>
                <false/>
                <key>sourceColorRect</key>
                <string>{{0,0},{376,754}}</string>
                <key>sourceSize</key>
                <string>{376,754}</string>
            </dict>
            <key>Boh Run Right A7.png</key>
            <dict>
                <key>frame</key>
                <string>{{3193,2},{473,674}}</string>
                <key>offset</key>
                <string>{0,0}</string>
                <key>rotated</key>
                <false/>
                <key>sourceColorRect</key>
                <string>{{0,0},{473,674}}</string>
                <key>sourceSize</key>
                <string>{473,674}</string>
            </dict>
            <key>Boh Run Right A8.png</key>
            <dict>
                <key>frame</key>
                <string>{{3668,2},{423,728}}</string>
                <key>offset</key>
                <string>{0,0}</string>
                <key>rotated</key>
                <false/>
                <key>sourceColorRect</key>
                <string>{{0,0},{423,728}}</string>
                <key>sourceSize</key>
                <string>{423,728}</string>
            </dict>
            <key>Boh Run Right A9.png</key>
            <dict>
                <key>frame</key>
                <string>{{4093,2},{538,616}}</string>
                <key>offset</key>
                <string>{0,0}</string>
                <key>rotated</key>
                <false/>
                <key>sourceColorRect</key>
                <string>{{0,0},{538,616}}</string>
                <key>sourceSize</key>
                <string>{538,616}</string>
            </dict>
            <key>Boh Run Right B1.png</key>
            <dict>
                <key>frame</key>
                <string>{{4633,2},{575,568}}</string>
                <key>offset</key>
                <string>{0,0}</string>
                <key>rotated</key>
                <false/>
                <key>sourceColorRect</key>
                <string>{{0,0},{575,568}}</string>
                <key>sourceSize</key>
                <string>{575,568}</string>
            </dict>
            <key>Boh Run Right B2.png</key>
            <dict>
                <key>frame</key>
                <string>{{5210,2},{541,616}}</string>
                <key>offset</key>
                <string>{0,0}</string>
                <key>rotated</key>
                <false/>
                <key>sourceColorRect</key>
                <string>{{0,0},{541,616}}</string>
                <key>sourceSize</key>
                <string>{541,616}</string>
            </dict>
            <key>Boh Run Right B3.png</key>
            <dict>
                <key>frame</key>
                <string>{{2,801},{481,665}}</string>
                <key>offset</key>
                <string>{0,0}</string>
                <key>rotated</key>
                <false/>
                <key>sourceColorRect</key>
                <string>{{0,0},{481,665}}</string>
                <key>sourceSize</key>
                <string>{481,665}</string>
            </dict>
            <key>Boh Run Right B4.png</key>
            <dict>
                <key>frame</key>
                <string>{{485,801},{436,716}}</string>
                <key>offset</key>
                <string>{0,0}</string>
                <key>rotated</key>
                <false/>
                <key>sourceColorRect</key>
                <string>{{0,0},{436,716}}</string>
                <key>sourceSize</key>
                <string>{436,716}</string>
            </dict>
            <key>Boh Run Right B5.png</key>
            <dict>
                <key>frame</key>
                <string>{{923,801},{376,746}}</string>
                <key>offset</key>
                <string>{0,0}</string>
                <key>rotated</key>
                <false/>
                <key>sourceColorRect</key>
                <string>{{0,0},{376,746}}</string>
                <key>sourceSize</key>
                <string>{376,746}</string>
            </dict>
            <key>Boh Run Right B6.png</key>
            <dict>
                <key>frame</key>
                <string>{{1301,801},{337,755}}</string>
                <key>offset</key>
                <string>{0,0}</string>
                <key>rotated</key>
                <false/>
                <key>sourceColorRect</key>
                <string>{{0,0},{337,755}}</string>
                <key>sourceSize</key>
                <string>{337,755}</string>
            </dict>
            <key>Boh Run Right B7.png</key>
            <dict>
                <key>frame</key>
                <string>{{1640,801},{354,746}}</string>
                <key>offset</key>
                <string>{0,0}</string>
                <key>rotated</key>
                <false/>
                <key>sourceColorRect</key>
                <string>{{0,0},{354,746}}</string>
                <key>sourceSize</key>
                <string>{354,746}</string>
            </dict>
            <key>Boh Run Right B8.png</key>
            <dict>
                <key>frame</key>
                <string>{{1996,801},{371,715}}</string>
                <key>offset</key>
                <string>{0,0}</string>
                <key>rotated</key>
                <false/>
                <key>sourceColorRect</key>
                <string>{{0,0},{371,715}}</string>
                <key>sourceSize</key>
                <string>{371,715}</string>
            </dict>
            <key>Boh Run Right B9.png</key>
            <dict>
                <key>frame</key>
                <string>{{2369,801},{471,662}}</string>
                <key>offset</key>
                <string>{0,0}</string>
                <key>rotated</key>
                <false/>
                <key>sourceColorRect</key>
                <string>{{0,0},{471,662}}</string>
                <key>sourceSize</key>
                <string>{471,662}</string>
            </dict>
            <key>Boh Run Right C1.png</key>
            <dict>
                <key>frame</key>
                <string>{{2842,801},{548,594}}</string>
                <key>offset</key>
                <string>{0,0}</string>
                <key>rotated</key>
                <false/>
                <key>sourceColorRect</key>
                <string>{{0,0},{548,594}}</string>
                <key>sourceSize</key>
                <string>{548,594}</string>
            </dict>
            <key>Boh Run Right C2.png</key>
            <dict>
                <key>frame</key>
                <string>{{3392,801},{471,662}}</string>
                <key>offset</key>
                <string>{0,0}</string>
                <key>rotated</key>
                <false/>
                <key>sourceColorRect</key>
                <string>{{0,0},{471,662}}</string>
                <key>sourceSize</key>
                <string>{471,662}</string>
            </dict>
            <key>Boh Run Right C3.png</key>
            <dict>
                <key>frame</key>
                <string>{{3865,801},{371,715}}</string>
                <key>offset</key>
                <string>{0,0}</string>
                <key>rotated</key>
                <false/>
                <key>sourceColorRect</key>
                <string>{{0,0},{371,715}}</string>
                <key>sourceSize</key>
                <string>{371,715}</string>
            </dict>
            <key>Boh Run Right C4.png</key>
            <dict>
                <key>frame</key>
                <string>{{4238,801},{354,746}}</string>
                <key>offset</key>
                <string>{0,0}</string>
                <key>rotated</key>
                <false/>
                <key>sourceColorRect</key>
                <string>{{0,0},{354,746}}</string>
                <key>sourceSize</key>
                <string>{354,746}</string>
            </dict>
            <key>Boh Run Right C5.png</key>
            <dict>
                <key>frame</key>
                <string>{{4594,801},{337,755}}</string>
                <key>offset</key>
                <string>{0,0}</string>
                <key>rotated</key>
                <false/>
                <key>sourceColorRect</key>
                <string>{{0,0},{337,755}}</string>
                <key>sourceSize</key>
                <string>{337,755}</string>
            </dict>
            <key>Boh Run Right C6.png</key>
            <dict>
                <key>frame</key>
                <string>{{4933,801},{376,746}}</string>
                <key>offset</key>
                <string>{0,0}</string>
                <key>rotated</key>
                <false/>
                <key>sourceColorRect</key>
                <string>{{0,0},{376,746}}</string>
                <key>sourceSize</key>
                <string>{376,746}</string>
            </dict>
            <key>Boh Run Right C7.png</key>
            <dict>
                <key>frame</key>
                <string>{{5311,801},{436,716}}</string>
                <key>offset</key>
                <string>{0,0}</string>
                <key>rotated</key>
                <false/>
                <key>sourceColorRect</key>
                <string>{{0,0},{436,716}}</string>
                <key>sourceSize</key>
                <string>{436,716}</string>
            </dict>
        </dict>
        <key>metadata</key>
        <dict>
            <key>format</key>
            <integer>2</integer>
            <key>realTextureFileName</key>
            <string>NattyBohRight.png</string>
            <key>size</key>
            <string>{5753,1558}</string>
            <key>smartupdate</key>
            <string>$TexturePacker:SmartUpdate:0bc6c7b7f2250784c0d84b44f8282023:1/1$</string>
            <key>textureFileName</key>
            <string>NattyBohRight.png</string>
        </dict>
    </dict>
</plist>
