<?xml version="1.0" encoding="UTF-8"?>
<!DOCTYPE plist PUBLIC "-//Apple Computer//DTD PLIST 1.0//EN" "http://www.apple.com/DTDs/PropertyList-1.0.dtd">
<plist version="1.0">
    <dict>
        <key>frames</key>
        <dict>
            <key>frame-00000.png</key>
            <dict>
                <key>frame</key>
                <string>{{579,1477},{583,565}}</string>
                <key>offset</key>
                <string>{0,0}</string>
                <key>rotated</key>
                <false/>
                <key>sourceColorRect</key>
                <string>{{0,0},{583,565}}</string>
                <key>sourceSize</key>
                <string>{583,565}</string>
            </dict>
            <key>frame-000001(1).png</key>
            <dict>
                <key>frame</key>
                <string>{{2782,759},{536,606}}</string>
                <key>offset</key>
                <string>{0,0}</string>
                <key>rotated</key>
                <false/>
                <key>sourceColorRect</key>
                <string>{{0,0},{536,606}}</string>
                <key>sourceSize</key>
                <string>{536,606}</string>
            </dict>
            <key>frame-000002(1).png</key>
            <dict>
                <key>frame</key>
                <string>{{2,759},{436,678}}</string>
                <key>offset</key>
                <string>{0,0}</string>
                <key>rotated</key>
                <false/>
                <key>sourceColorRect</key>
                <string>{{0,0},{436,678}}</string>
                <key>sourceSize</key>
                <string>{436,678}</string>
            </dict>
            <key>frame-000003(1).png</key>
            <dict>
                <key>frame</key>
                <string>{{1731,2},{362,729}}</string>
                <key>offset</key>
                <string>{0,0}</string>
                <key>rotated</key>
                <false/>
                <key>sourceColorRect</key>
                <string>{{0,0},{362,729}}</string>
                <key>sourceSize</key>
                <string>{362,729}</string>
            </dict>
            <key>frame-000004(1).png</key>
            <dict>
                <key>frame</key>
                <string>{{341,2},{337,752}}</string>
                <key>offset</key>
                <string>{0,0}</string>
                <key>rotated</key>
                <false/>
                <key>sourceColorRect</key>
                <string>{{0,0},{337,752}}</string>
                <key>sourceSize</key>
                <string>{337,752}</string>
            </dict>
            <key>frame-000005(1).png</key>
            <dict>
                <key>frame</key>
                <string>{{3219,2},{376,754}}</string>
                <key>offset</key>
                <string>{0,0}</string>
                <key>rotated</key>
                <false/>
                <key>sourceColorRect</key>
                <string>{{0,0},{376,754}}</string>
                <key>sourceSize</key>
                <string>{376,754}</string>
            </dict>
            <key>frame-000006(1).png</key>
            <dict>
                <key>frame</key>
                <string>{{3975,2},{423,728}}</string>
                <key>offset</key>
                <string>{0,0}</string>
                <key>rotated</key>
                <false/>
                <key>sourceColorRect</key>
                <string>{{0,0},{423,728}}</string>
                <key>sourceSize</key>
                <string>{423,728}</string>
            </dict>
            <key>frame-000007(1).png</key>
            <dict>
                <key>frame</key>
                <string>{{1824,759},{473,674}}</string>
                <key>offset</key>
                <string>{0,0}</string>
                <key>rotated</key>
                <false/>
                <key>sourceColorRect</key>
                <string>{{0,0},{473,674}}</string>
                <key>sourceSize</key>
                <string>{473,674}</string>
            </dict>
            <key>frame-000008(1).png</key>
            <dict>
                <key>frame</key>
                <string>{{3320,759},{538,616}}</string>
                <key>offset</key>
                <string>{0,0}</string>
                <key>rotated</key>
                <false/>
                <key>sourceColorRect</key>
                <string>{{0,0},{538,616}}</string>
                <key>sourceSize</key>
                <string>{538,616}</string>
            </dict>
            <key>frame-000009(1).png</key>
            <dict>
                <key>frame</key>
                <string>{{2,1477},{575,568}}</string>
                <key>offset</key>
                <string>{0,0}</string>
                <key>rotated</key>
                <false/>
                <key>sourceColorRect</key>
                <string>{{0,0},{575,568}}</string>
                <key>sourceSize</key>
                <string>{575,568}</string>
            </dict>
            <key>frame-000010(1).png</key>
            <dict>
                <key>frame</key>
                <string>{{3860,759},{541,616}}</string>
                <key>offset</key>
                <string>{0,0}</string>
                <key>rotated</key>
                <false/>
                <key>sourceColorRect</key>
                <string>{{0,0},{541,616}}</string>
                <key>sourceSize</key>
                <string>{541,616}</string>
            </dict>
            <key>frame-000011(1).png</key>
            <dict>
                <key>frame</key>
                <string>{{2299,759},{481,665}}</string>
                <key>offset</key>
                <string>{0,0}</string>
                <key>rotated</key>
                <false/>
                <key>sourceColorRect</key>
                <string>{{0,0},{481,665}}</string>
                <key>sourceSize</key>
                <string>{481,665}</string>
            </dict>
            <key>frame-000012(1).png</key>
            <dict>
                <key>frame</key>
                <string>{{4400,2},{436,716}}</string>
                <key>offset</key>
                <string>{0,0}</string>
                <key>rotated</key>
                <false/>
                <key>sourceColorRect</key>
                <string>{{0,0},{436,716}}</string>
                <key>sourceSize</key>
                <string>{436,716}</string>
            </dict>
            <key>frame-000013(1).png</key>
            <dict>
                <key>frame</key>
                <string>{{2841,2},{376,746}}</string>
                <key>offset</key>
                <string>{0,0}</string>
                <key>rotated</key>
                <false/>
                <key>sourceColorRect</key>
                <string>{{0,0},{376,746}}</string>
                <key>sourceSize</key>
                <string>{376,746}</string>
            </dict>
            <key>frame-000014(1).png</key>
            <dict>
                <key>frame</key>
                <string>{{680,2},{337,755}}</string>
                <key>offset</key>
                <string>{0,0}</string>
                <key>rotated</key>
                <false/>
                <key>sourceColorRect</key>
                <string>{{0,0},{337,755}}</string>
                <key>sourceSize</key>
                <string>{337,755}</string>
            </dict>
            <key>frame-000015(1).png</key>
            <dict>
                <key>frame</key>
                <string>{{1375,2},{354,746}}</string>
                <key>offset</key>
                <string>{0,0}</string>
                <key>rotated</key>
                <false/>
                <key>sourceColorRect</key>
                <string>{{0,0},{354,746}}</string>
                <key>sourceSize</key>
                <string>{354,746}</string>
            </dict>
            <key>frame-000016(1).png</key>
            <dict>
                <key>frame</key>
                <string>{{2095,2},{371,715}}</string>
                <key>offset</key>
                <string>{0,0}</string>
                <key>rotated</key>
                <false/>
                <key>sourceColorRect</key>
                <string>{{0,0},{371,715}}</string>
                <key>sourceSize</key>
                <string>{371,715}</string>
            </dict>
            <key>frame-000017(1).png</key>
            <dict>
                <key>frame</key>
                <string>{{1351,759},{471,662}}</string>
                <key>offset</key>
                <string>{0,0}</string>
                <key>rotated</key>
                <false/>
                <key>sourceColorRect</key>
                <string>{{0,0},{471,662}}</string>
                <key>sourceSize</key>
                <string>{471,662}</string>
            </dict>
            <key>frame-000018(1).png</key>
            <dict>
                <key>frame</key>
                <string>{{4403,759},{548,594}}</string>
                <key>offset</key>
                <string>{0,0}</string>
                <key>rotated</key>
                <false/>
                <key>sourceColorRect</key>
                <string>{{0,0},{548,594}}</string>
                <key>sourceSize</key>
                <string>{548,594}</string>
            </dict>
            <key>frame-000019(1).png</key>
            <dict>
                <key>frame</key>
                <string>{{878,759},{471,662}}</string>
                <key>offset</key>
                <string>{0,0}</string>
                <key>rotated</key>
                <false/>
                <key>sourceColorRect</key>
                <string>{{0,0},{471,662}}</string>
                <key>sourceSize</key>
                <string>{471,662}</string>
            </dict>
            <key>frame-000020(1).png</key>
            <dict>
                <key>frame</key>
                <string>{{2468,2},{371,715}}</string>
                <key>offset</key>
                <string>{0,0}</string>
                <key>rotated</key>
                <false/>
                <key>sourceColorRect</key>
                <string>{{0,0},{371,715}}</string>
                <key>sourceSize</key>
                <string>{371,715}</string>
            </dict>
            <key>frame-000021(1).png</key>
            <dict>
                <key>frame</key>
                <string>{{1019,2},{354,746}}</string>
                <key>offset</key>
                <string>{0,0}</string>
                <key>rotated</key>
                <false/>
                <key>sourceColorRect</key>
                <string>{{0,0},{354,746}}</string>
                <key>sourceSize</key>
                <string>{354,746}</string>
            </dict>
            <key>frame-000022(1).png</key>
            <dict>
                <key>frame</key>
                <string>{{2,2},{337,755}}</string>
                <key>offset</key>
                <string>{0,0}</string>
                <key>rotated</key>
                <false/>
                <key>sourceColorRect</key>
                <string>{{0,0},{337,755}}</string>
                <key>sourceSize</key>
                <string>{337,755}</string>
            </dict>
            <key>frame-000023(1).png</key>
            <dict>
                <key>frame</key>
                <string>{{3597,2},{376,746}}</string>
                <key>offset</key>
                <string>{0,0}</string>
                <key>rotated</key>
                <false/>
                <key>sourceColorRect</key>
                <string>{{0,0},{376,746}}</string>
                <key>sourceSize</key>
                <string>{376,746}</string>
            </dict>
            <key>frame-000024(1).png</key>
            <dict>
                <key>frame</key>
                <string>{{440,759},{436,716}}</string>
                <key>offset</key>
                <string>{0,0}</string>
                <key>rotated</key>
                <false/>
                <key>sourceColorRect</key>
                <string>{{0,0},{436,716}}</string>
                <key>sourceSize</key>
                <string>{436,716}</string>
            </dict>
        </dict>
        <key>metadata</key>
        <dict>
            <key>format</key>
            <integer>2</integer>
            <key>realTextureFileName</key>
            <string>NattyBohLeft.png</string>
            <key>size</key>
            <string>{4953,2047}</string>
            <key>smartupdate</key>
            <string>$TexturePacker:SmartUpdate:0cdef2c1704d6a53631799359797933d:1/1$</string>
            <key>textureFileName</key>
            <string>NattyBohLeft.png</string>
        </dict>
    </dict>
</plist>
