<?xml version="1.0" encoding="UTF-8"?>
<!DOCTYPE plist PUBLIC "-//Apple Computer//DTD PLIST 1.0//EN" "http://www.apple.com/DTDs/PropertyList-1.0.dtd">
<plist version="1.0">
    <dict>
        <key>frames</key>
        <dict>
            <key>RecycleCan3A.png</key>
            <dict>
                <key>frame</key>
                <string>{{2,2},{78,154}}</string>
                <key>offset</key>
                <string>{0,0}</string>
                <key>rotated</key>
                <false/>
                <key>sourceColorRect</key>
                <string>{{0,0},{78,154}}</string>
                <key>sourceSize</key>
                <string>{78,154}</string>
            </dict>
            <key>picnic table 1.png</key>
            <dict>
                <key>frame</key>
                <string>{{2,158},{200,43}}</string>
                <key>offset</key>
                <string>{0,0}</string>
                <key>rotated</key>
                <false/>
                <key>sourceColorRect</key>
                <string>{{0,0},{200,43}}</string>
                <key>sourceSize</key>
                <string>{200,43}</string>
            </dict>
        </dict>
        <key>metadata</key>
        <dict>
            <key>format</key>
            <integer>2</integer>
            <key>realTextureFileName</key>
            <string>Obstacles.png</string>
            <key>size</key>
            <string>{256,256}</string>
            <key>smartupdate</key>
            <string>$TexturePacker:SmartUpdate:6109f20a85f68830ecefb5fbf257399d:1/1$</string>
            <key>textureFileName</key>
            <string>Obstacles.png</string>
        </dict>
    </dict>
</plist>
