<?xml version="1.0" encoding="UTF-8"?>
<!DOCTYPE plist PUBLIC "-//Apple Computer//DTD PLIST 1.0//EN" "http://www.apple.com/DTDs/PropertyList-1.0.dtd">
<plist version="1.0">
    <dict>
        <key>frames</key>
        <dict>
            <key>Boh Boy Stand Left.png</key>
            <dict>
                <key>frame</key>
                <string>{{2,2},{272,797}}</string>
                <key>offset</key>
                <string>{0,0}</string>
                <key>rotated</key>
                <false/>
                <key>sourceColorRect</key>
                <string>{{0,0},{272,797}}</string>
                <key>sourceSize</key>
                <string>{272,797}</string>
            </dict>
            <key>Boh Boy Stand Right.png</key>
            <dict>
                <key>frame</key>
                <string>{{276,2},{273,797}}</string>
                <key>offset</key>
                <string>{0,0}</string>
                <key>rotated</key>
                <false/>
                <key>sourceColorRect</key>
                <string>{{0,0},{273,797}}</string>
                <key>sourceSize</key>
                <string>{273,797}</string>
            </dict>
            <key>Rframe-000003(1).png</key>
            <dict>
                <key>frame</key>
                <string>{{551,2},{362,729}}</string>
                <key>offset</key>
                <string>{0,0}</string>
                <key>rotated</key>
                <false/>
                <key>sourceColorRect</key>
                <string>{{0,0},{362,729}}</string>
                <key>sourceSize</key>
                <string>{362,729}</string>
            </dict>
            <key>Rframe-000004(1).png</key>
            <dict>
                <key>frame</key>
                <string>{{915,2},{337,752}}</string>
                <key>offset</key>
                <string>{0,0}</string>
                <key>rotated</key>
                <false/>
                <key>sourceColorRect</key>
                <string>{{0,0},{337,752}}</string>
                <key>sourceSize</key>
                <string>{337,752}</string>
            </dict>
            <key>Rframe-000005(1).png</key>
            <dict>
                <key>frame</key>
                <string>{{1254,2},{376,754}}</string>
                <key>offset</key>
                <string>{0,0}</string>
                <key>rotated</key>
                <false/>
                <key>sourceColorRect</key>
                <string>{{0,0},{376,754}}</string>
                <key>sourceSize</key>
                <string>{376,754}</string>
            </dict>
            <key>Rframe-000006(1).png</key>
            <dict>
                <key>frame</key>
                <string>{{1632,2},{423,728}}</string>
                <key>offset</key>
                <string>{0,0}</string>
                <key>rotated</key>
                <false/>
                <key>sourceColorRect</key>
                <string>{{0,0},{423,728}}</string>
                <key>sourceSize</key>
                <string>{423,728}</string>
            </dict>
            <key>Rframe-000007(1).png</key>
            <dict>
                <key>frame</key>
                <string>{{2057,2},{473,674}}</string>
                <key>offset</key>
                <string>{0,0}</string>
                <key>rotated</key>
                <false/>
                <key>sourceColorRect</key>
                <string>{{0,0},{473,674}}</string>
                <key>sourceSize</key>
                <string>{473,674}</string>
            </dict>
            <key>Rframe-000008(1).png</key>
            <dict>
                <key>frame</key>
                <string>{{2532,2},{538,616}}</string>
                <key>offset</key>
                <string>{0,0}</string>
                <key>rotated</key>
                <false/>
                <key>sourceColorRect</key>
                <string>{{0,0},{538,616}}</string>
                <key>sourceSize</key>
                <string>{538,616}</string>
            </dict>
            <key>Rframe-000009(1).png</key>
            <dict>
                <key>frame</key>
                <string>{{3072,2},{575,568}}</string>
                <key>offset</key>
                <string>{0,0}</string>
                <key>rotated</key>
                <false/>
                <key>sourceColorRect</key>
                <string>{{0,0},{575,568}}</string>
                <key>sourceSize</key>
                <string>{575,568}</string>
            </dict>
            <key>Rframe-000010(1).png</key>
            <dict>
                <key>frame</key>
                <string>{{3649,2},{541,616}}</string>
                <key>offset</key>
                <string>{0,0}</string>
                <key>rotated</key>
                <false/>
                <key>sourceColorRect</key>
                <string>{{0,0},{541,616}}</string>
                <key>sourceSize</key>
                <string>{541,616}</string>
            </dict>
            <key>Rframe-000011(1).png</key>
            <dict>
                <key>frame</key>
                <string>{{2,801},{481,665}}</string>
                <key>offset</key>
                <string>{0,0}</string>
                <key>rotated</key>
                <false/>
                <key>sourceColorRect</key>
                <string>{{0,0},{481,665}}</string>
                <key>sourceSize</key>
                <string>{481,665}</string>
            </dict>
            <key>Rframe-000012(1).png</key>
            <dict>
                <key>frame</key>
                <string>{{485,801},{436,716}}</string>
                <key>offset</key>
                <string>{0,0}</string>
                <key>rotated</key>
                <false/>
                <key>sourceColorRect</key>
                <string>{{0,0},{436,716}}</string>
                <key>sourceSize</key>
                <string>{436,716}</string>
            </dict>
            <key>Rframe-000013(1).png</key>
            <dict>
                <key>frame</key>
                <string>{{923,801},{376,746}}</string>
                <key>offset</key>
                <string>{0,0}</string>
                <key>rotated</key>
                <false/>
                <key>sourceColorRect</key>
                <string>{{0,0},{376,746}}</string>
                <key>sourceSize</key>
                <string>{376,746}</string>
            </dict>
            <key>Rframe-000014(1).png</key>
            <dict>
                <key>frame</key>
                <string>{{1301,801},{337,755}}</string>
                <key>offset</key>
                <string>{0,0}</string>
                <key>rotated</key>
                <false/>
                <key>sourceColorRect</key>
                <string>{{0,0},{337,755}}</string>
                <key>sourceSize</key>
                <string>{337,755}</string>
            </dict>
            <key>Rframe-000015(1).png</key>
            <dict>
                <key>frame</key>
                <string>{{1640,801},{354,746}}</string>
                <key>offset</key>
                <string>{0,0}</string>
                <key>rotated</key>
                <false/>
                <key>sourceColorRect</key>
                <string>{{0,0},{354,746}}</string>
                <key>sourceSize</key>
                <string>{354,746}</string>
            </dict>
            <key>Rframe-000016(1).png</key>
            <dict>
                <key>frame</key>
                <string>{{1996,801},{371,715}}</string>
                <key>offset</key>
                <string>{0,0}</string>
                <key>rotated</key>
                <false/>
                <key>sourceColorRect</key>
                <string>{{0,0},{371,715}}</string>
                <key>sourceSize</key>
                <string>{371,715}</string>
            </dict>
            <key>Rframe-000017(1).png</key>
            <dict>
                <key>frame</key>
                <string>{{2369,801},{471,662}}</string>
                <key>offset</key>
                <string>{0,0}</string>
                <key>rotated</key>
                <false/>
                <key>sourceColorRect</key>
                <string>{{0,0},{471,662}}</string>
                <key>sourceSize</key>
                <string>{471,662}</string>
            </dict>
            <key>Rframe-000018(1).png</key>
            <dict>
                <key>frame</key>
                <string>{{2842,801},{548,594}}</string>
                <key>offset</key>
                <string>{0,0}</string>
                <key>rotated</key>
                <false/>
                <key>sourceColorRect</key>
                <string>{{0,0},{548,594}}</string>
                <key>sourceSize</key>
                <string>{548,594}</string>
            </dict>
            <key>Rframe-000019(1).png</key>
            <dict>
                <key>frame</key>
                <string>{{3392,801},{471,662}}</string>
                <key>offset</key>
                <string>{0,0}</string>
                <key>rotated</key>
                <false/>
                <key>sourceColorRect</key>
                <string>{{0,0},{471,662}}</string>
                <key>sourceSize</key>
                <string>{471,662}</string>
            </dict>
            <key>Rframe-000020(1).png</key>
            <dict>
                <key>frame</key>
                <string>{{3865,801},{371,715}}</string>
                <key>offset</key>
                <string>{0,0}</string>
                <key>rotated</key>
                <false/>
                <key>sourceColorRect</key>
                <string>{{0,0},{371,715}}</string>
                <key>sourceSize</key>
                <string>{371,715}</string>
            </dict>
        </dict>
        <key>metadata</key>
        <dict>
            <key>format</key>
            <integer>2</integer>
            <key>realTextureFileName</key>
            <string>RightFaceBoh.png</string>
            <key>size</key>
            <string>{4238,1558}</string>
            <key>smartupdate</key>
            <string>$TexturePacker:SmartUpdate:52aecfc51bde5fc4d01f3677fa8415cf:1/1$</string>
            <key>textureFileName</key>
            <string>RightFaceBoh.png</string>
        </dict>
    </dict>
</plist>
